"","ID","B_cell_TIMER","T_cell_CD4_TIMER","T_cell_CD8_TIMER","Neutrophil_TIMER","Macrophage_TIMER","DC_TIMER"
"1","TCGA-RC-A7SF",0.0818178156279276,0.117843625180026,0.16706417492823,0.110010663471988,0.00625776310525427,0.461612109955316
"2","TCGA-EP-A2KC",0.0874682771725787,0.130516609875539,0.162233223214516,0.115477437597694,0.0423892673958714,0.486730537617282
"3","TCGA-ES-A2HS",0.0793091699505144,0.105626569232779,0.149632329763151,0.0958196195080936,0.0326332053585074,0.435316141731525
"4","TCGA-CC-5259",0.086619820760908,0.112125117233678,0.159708675624704,0.101452524995621,0.00691778868480804,0.449634392455463
"5","TCGA-ED-A97K",0.114732903348146,0.171984616961221,0.1881041045705,0.159151279696616,0.0601791958380566,0.577530886685014
"6","TCGA-DD-A3A1",0.0837223051024522,0.115433618758424,0.180921436054421,0.129618307938769,0.0441252454510088,0.502549129917761
"7","TCGA-G3-A6UC",0.0792203919156973,0.10666007879872,0.175040924726185,0.104700680260453,0.0293374085660656,0.454555051867337
"8","TCGA-DD-AACU",0.0951596398893176,0.144663752638151,0.192850725130376,0.122374336892739,0.043052275764646,0.525206865503758
"9","TCGA-DD-A1EG",0.105745963354684,0.138670533220999,0.205195914576767,0.137446579296077,0.0411346730103639,0.571367855292251
"10","TCGA-DD-A4NJ",0.103906259546323,0.148088050956331,0.192533149831743,0.142458408237642,0.0565318167311978,0.566164828828572
"11","TCGA-BD-A3ER",0.0898414460622035,0.131895024639638,0.16305359439649,0.128031680646639,0.0362106492651692,0.511120453213228
"12","TCGA-G3-A5SL",0.0842093047729757,0.109253780663242,0.169885275368211,0.109868056857148,0.0323426862383412,0.462052145012875
"13","TCGA-DD-A73F",0.103653694101509,0.151867030584921,0.256722964192056,0.13297482498271,0.0484027065505395,0.559201592804086
"14","TCGA-CC-A3M9",0.106455347499981,0.185838539784697,0.322194862812261,0.190129203142688,0.103274549201742,0.68525283189582
"15","TCGA-ED-A627",0.110855404748247,0.15647166884508,0.278181275901863,0.167341590095181,0.072854374336759,0.581648186156402
"16","TCGA-CC-A8HT",0.103104053829096,0.130666577423763,0.186930005209745,0.144351686651519,0.0564853623517258,0.539598896639715
"17","TCGA-UB-A7MF",0.119404442163441,0.146439832532374,0.258700352815515,0.142211565096537,0.0463582197772274,0.573356464699693
"18","TCGA-2Y-A9H1",0.0873574718727833,0.123028190478606,0.180109281015923,0.105755510991636,0.0247111189219285,0.480791913925364
"19","TCGA-DD-AADO",0.100055011486263,0.131234442240483,0.206942551164465,0.117696827287417,0.0423395991593492,0.519197299472693
"20","TCGA-ZP-A9CV",0.0974457131499941,0.138291625515281,0.215985199332949,0.141567364913653,0.0539391526004668,0.515783707378564
"21","TCGA-4R-AA8I",0.0940680922255059,0.115573236894847,0.192208631754989,0.124615111093588,0.0471584657509597,0.505620240619222
"22","TCGA-DD-A113",0.106187472447444,0.138092439247398,0.184112587883135,0.122386255246033,0.0431198235883351,0.528301776826631
"23","TCGA-DD-AADL",0.0856846767259126,0.100028616701135,0.187760243901501,0.112408770178628,0.0392165939385249,0.458431138241757
"24","TCGA-RC-A7SK",0.0834751178886812,0.116117217518439,0.159405352167482,0.100470837330435,0.0235402763521843,0.444044654451096
"25","TCGA-DD-AAEA",0.0914872303737494,0.12976908824568,0.201756633716727,0.115624650460979,0.0216195955839331,0.50155156582865
"26","TCGA-FV-A495",0.107225376788258,0.146499414352941,0.202259133584495,0.122309074805195,0.0438580334463959,0.530284664932918
"27","TCGA-EP-A26S",0.0766150484831387,0.0976793571124693,0.192533119644247,0.10543072483771,0.0361025124213899,0.477421482586641
"28","TCGA-DD-AAEG",0.095947405751091,0.109970020136892,0.158883810303459,0.113545398716002,0.0280423071882141,0.459963763615773
"29","TCGA-G3-A25S",0.0796500588603032,0.107663547209575,0.190281928680062,0.115507877638487,0.0588173016230222,0.490614649720008
"30","TCGA-G3-A3CJ",0.0755542324228033,0.0837312225992657,0.181462762590537,0.103116634624633,0.0313115765706844,0.455036297751208
"31","TCGA-G3-A3CI",0.0873532301133444,0.114641112188145,0.203156703057274,0.124091416701072,0.0559101021639811,0.481582456217051
"32","TCGA-2Y-A9H2",0.116356533906199,0.156102606128257,0.17113856617431,0.153552684594569,0.0373456356496639,0.56108527227716
"33","TCGA-DD-A4NG",0.0818790421767317,0.129526073774242,0.169224984176489,0.11587182755679,0.0308610173458527,0.470697368136121
"34","TCGA-K7-A6G5",0.0904103223921057,0.118911635085018,0.187145764864745,0.125495185928205,0.0395473183156893,0.494751974972222
"35","TCGA-DD-AADG",0.072899522789251,0.10447633961733,0.179492063263506,0.100088657903892,0.0122147768786391,0.450317886439008
"36","TCGA-LG-A9QC",0.085029161337895,0.116317545867169,0.166750197495072,0.105905390410225,0.0325243925078822,0.472794639117326
"37","TCGA-DD-AACJ",0.0746556211605792,0.0985610869736799,0.150433827362229,0.10512806778857,0.0355145392545463,0.443813232703677
"38","TCGA-DD-A1EA",0.114320960587653,0.128067085800102,0.216483435416697,0.131063703181428,0.0487572220209801,0.522626938173741
"39","TCGA-LG-A9QD",0.101328808793322,0.127355732123434,0.166360369975108,0.11209425110395,0.0274975943417538,0.46331011821137
"40","TCGA-ED-A7PY",0.0944271362781415,0.122735205684983,0.152439251861685,0.101416304675199,0.0231610475628965,0.459650508339021
"41","TCGA-NI-A4U2",0.076209848288062,0.106549941108502,0.166793210844209,0.105947960353634,0.0221056790085635,0.463545481926846
"42","TCGA-DD-A1EK",0.0859709263441023,0.106785228958988,0.181941025607503,0.130713227118363,0.0670241354342766,0.499071154597506
"43","TCGA-DD-AADP",0.0991857369878869,0.135439813398086,0.179540864798964,0.12703939610184,0.0303853818885573,0.494247118356304
"44","TCGA-DD-AAVS",0.0983098057636538,0.152260891245207,0.189306791455862,0.120280394011378,0.041949835651115,0.512810189706782
"45","TCGA-ED-A82E",0.123829378465767,0.16055049069822,0.165036307251878,0.138262554806468,0.0563837339661196,0.529862435903086
"46","TCGA-CC-A7II",0.107038315109563,0.125923310756362,0.172316979717692,0.120705243495951,0.046900391442521,0.517262656919992
"47","TCGA-EP-A3JL",0.0919155922164792,0.133440850827081,0.203122486706554,0.124258899185236,0.0433559154313782,0.530979440236685
"48","TCGA-DD-A3A4",0.0824983568756732,0.0944937846274251,0.149255375458668,0.101019310637602,0.0139110814453292,0.43733646655857
"49","TCGA-DD-AACP",0.0924784180151493,0.131191142660033,0.166988538105177,0.113085757962592,0.015514459528984,0.512100994218495
"50","TCGA-2Y-A9H6",0.103950146534919,0.176200972017873,0.183775460347263,0.125084710281786,0.0480772036193874,0.540175674422648
"51","TCGA-UB-A7MB",0.0835025165535926,0.114374480133035,0.181513699498438,0.111381037451061,0.0350927554043559,0.468000687657968
"52","TCGA-UB-A7MD",0.0932087608386546,0.137940093685598,0.198569899277924,0.147240548127806,0.0483977335412996,0.555525896691946
"53","TCGA-CC-5260",0.112966164046425,0.153537091967017,0.252106954614647,0.156586871807408,0.0804828226853086,0.601864309469678
"54","TCGA-DD-A1EH",0.107413349247435,0.129370427342892,0.192661580964666,0.1250742267929,0.0415303625920297,0.512492953030609
"55","TCGA-ED-A4XI",0.0924453283732706,0.138689184147775,0.215456182953591,0.132141934236746,0.0604647173017662,0.53153258851257
"56","TCGA-DD-AADR",0.0908904845803984,0.111701523617123,0.206328586743433,0.111188315975004,0.026506339021846,0.4936350314001
"57","TCGA-FV-A496",0.0797967577249921,0.114627443515516,0.136928746821434,0.103306111121907,0.0215399496166268,0.428213948295304
"58","TCGA-G3-A3CG",0.0933443517030106,0.129977912936516,0.182562822299501,0.1246865698404,0.0302182807666658,0.487662853597584
"59","TCGA-DD-AACS",0.0891142751073256,0.107894988361711,0.163150846413177,0.112540974023955,0.0310509952675899,0.461669231120839
"60","TCGA-DD-AAVR",0.113497323107818,0.154517252264494,0.209170412783064,0.13732343498321,0.0512081256690048,0.550390187431063
"61","TCGA-BC-A10T",0.0898675622004311,0.10382925760083,0.208290802068968,0.117366517539825,0.0417400684104458,0.501655033294344
"62","TCGA-3K-AAZ8",0.0980594339410591,0.142211739155493,0.178289489739762,0.115209706026924,0.0329763167621144,0.48180439211342
"63","TCGA-DD-AAVV",0.111468606086118,0.156814225164594,0.21410618081551,0.142208701363421,0.0471501580040425,0.572621186681199
"64","TCGA-2Y-A9GS",0.093175366200266,0.141501556623359,0.193226341734902,0.130374091077704,0.0659432002000299,0.545615723782833
"65","TCGA-RC-A6M6",0.105090956664434,0.13525929337351,0.164950531465043,0.121080883590254,0.0335580387371809,0.534206853719465
"66","TCGA-G3-AAV6",0.0992438927965446,0.131815162996556,0.160856054935034,0.112223459625077,0.0256761508832399,0.498431052764976
"67","TCGA-CC-5263",0.109858595524852,0.144340590195933,0.183164061397856,0.158455139049038,0.0662833972099609,0.580509133483003
"68","TCGA-ZS-A9CE",0.0816453417135874,0.100568490913199,0.141036084079652,0.0995697540533591,0.0204758329421441,0.420670553618378
"69","TCGA-DD-A4ND",0.0982215887016603,0.152014977280543,0.23073293909507,0.147706912539246,0.0657998460083081,0.554431284627209
"70","TCGA-DD-AAVX",0.0954313556673452,0.135321057898872,0.200118612543116,0.121692257174339,0.0359129449943851,0.506315830356894
"71","TCGA-DD-A4NE",0.0944682855943543,0.109069365015554,0.165983342542651,0.112783436828173,0.0454161061722905,0.460594660581051
"72","TCGA-2Y-A9HB",0.0977896241726802,0.145029780632909,0.220293668325864,0.123485198814356,0.049433088263986,0.516363075257645
"73","TCGA-DD-A39Y",0.0979454455265606,0.116295259726213,0.157885437558863,0.110306695102515,0.0266679035432661,0.507097271133911
"74","TCGA-CC-A5UC",0.0986915636724025,0.122983125618371,0.185518126921494,0.12012476765074,0.0483639961540644,0.510722460579802
"75","TCGA-DD-AACB",0.125518848156918,0.125132120786756,0.23840629365276,0.131746000064334,0.0455328535529642,0.542997015564189
"76","TCGA-HP-A5N0",0.0919060376642384,0.116700962569546,0.225064887087867,0.123652303503548,0.054983446270921,0.510559464494903
"77","TCGA-ED-A8O6",0.0976850537511302,0.137644229575921,0.166154210744866,0.116400842879586,0.0460515886907721,0.508252296176456
"78","TCGA-ZS-A9CF",0.0869024089487296,0.125505755169805,0.210612383648481,0.122944305221676,0.0281799731105953,0.518096400204651
"79","TCGA-2Y-A9H4",0.10002693505826,0.107015476044593,0.201676309284922,0.107230715546061,0.0292369533485464,0.509986608083034
"80","TCGA-DD-A116",0.0854619595109786,0.115004539498395,0.179581064861522,0.111668334894918,0.0362134406421303,0.483111891281449
"81","TCGA-G3-A7M5",0.0746437715054624,0.104142427768091,0.185036516001096,0.113445645683833,0.0272410095246301,0.456050225356294
"82","TCGA-BC-A112",0.122730611809532,0.135943745323039,0.17764220523207,0.145427826420263,0.0583745945236806,0.549476556820616
"83","TCGA-DD-A4NV",0.0836740352660723,0.128035075106682,0.202378485276089,0.126231034390109,0.0488775465047478,0.504890443347584
"84","TCGA-DD-AAE6",0.0768280464050519,0.106166736278815,0.125936950826145,0.0927317915858383,0.0278684180956126,0.405628969725461
"85","TCGA-CC-A7IL",0.0720121431262089,0.0912968958375976,0.146440800602666,0.097048529289003,0.018370074199312,0.43204545161451
"86","TCGA-5C-AAPD",0.124193470120269,0.143073838372036,0.216972653121655,0.143567526076686,0.0424269757319289,0.576061546277449
"87","TCGA-DD-AAC9",0.100004469462428,0.141400928939753,0.173868608854656,0.117727955108419,0.0369606639002352,0.505610511674892
"88","TCGA-MI-A75C",0.0957885058278594,0.132455478064406,0.171179527688151,0.112216387262508,0.0292148313011702,0.485621826503428
"89","TCGA-FV-A23B",0.0997333020939306,0.13690200019141,0.200805513469748,0.124323842526154,0.0364594180990957,0.5275326072343
"90","TCGA-DD-AAVY",0.0844565881126779,0.09925431734942,0.167963178790173,0.10781234390297,0.0272717204398751,0.447489200131744
"91","TCGA-DD-A3A6",0.0920782524169557,0.144623109091554,0.233210296094629,0.117106302519444,0.0642416061295307,0.518702103954128
"92","TCGA-DD-AADD",0.086549203949945,0.103701466092526,0.20728973983099,0.112290565279971,0.0487005872964763,0.500135634720707
"93","TCGA-G3-A25U",0.0836731875428353,0.0976805000402962,0.17211104325088,0.111882863654673,0.0232307999238581,0.458895306848443
"94","TCGA-DD-AAE2",0.104001081387782,0.123230198469667,0.229044245731448,0.125814747418494,0.0503319512953326,0.514975232360458
"95","TCGA-DD-AAW3",0.0793847726504584,0.105166039283648,0.170663522421143,0.105011459899984,0.0279130849267375,0.452230010742153
"96","TCGA-DD-AA3A",0.125201559643136,0.148086717810508,0.161735858148201,0.137844998648477,0.0230500711533588,0.552296909761772
"97","TCGA-XR-A8TD",0.112119737563695,0.119535145465723,0.26565749893488,0.154294963884892,0.0621148119906373,0.572272079226078
"98","TCGA-BC-A10S",0.0907557632242472,0.123621814226136,0.220039488284013,0.127556543036866,0.0716973899229099,0.520039309115348
"99","TCGA-T1-A6J8",0.0853567595613298,0.120130794651677,0.164216789310468,0.112211670284814,0.0523074872796315,0.471819601372319
"100","TCGA-KR-A7K0",0.0895368496575776,0.110555685309837,0.182850888818901,0.125142889050582,0.0473712050544462,0.493634225098216
"101","TCGA-DD-A4NK",0.0819106151463635,0.110991621935203,0.181341872681482,0.104680335821712,0.0461594962913322,0.464280245745826
"102","TCGA-DD-A3A9",0.101195173845521,0.14319415967844,0.20011656970109,0.115151419381934,0.042141763926823,0.513110061609113
"103","TCGA-K7-A5RG",0.143960864306815,0.161562727080542,0.286144639169806,0.15388414296825,0.0488888833249367,0.605004337969038
"104","TCGA-DD-A4NR",0.106668298207455,0.167683941901064,0.274593264031009,0.163347221862085,0.0824193789623307,0.611393704536039
"105","TCGA-FV-A4ZP",0.0944100318221994,0.121044910193152,0.180808735606828,0.118572235854036,0.0303686220587554,0.514940307892456
"106","TCGA-DD-AACW",0.101106189382325,0.129557659585524,0.181936478409124,0.111135128910562,0.0334673822807831,0.492607992423537
"107","TCGA-DD-A1EC",0.116940431544873,0.16953735842534,0.309115430097939,0.167255288559771,0.0407083994573729,0.629678770085062
"108","TCGA-WJ-A86L",0.0927747791702931,0.10765561778544,0.158688162289326,0.112940434150628,0.0213775449023069,0.458252168936168
"109","TCGA-DD-AAEK",0.120192010087702,0.16827917126987,0.228860100737307,0.136022662440144,0.0509586049030806,0.563919589395203
"110","TCGA-FV-A4ZQ",0.125918760730827,0.150050061001096,0.273200955452304,0.145130209639984,0.0549269902144106,0.585772403401494
"111","TCGA-5C-A9VH",0.0897394119617167,0.152356417070359,0.172750486100017,0.11922607563878,0.0370215354950125,0.490243791706154
"112","TCGA-DD-AACA",0.09823199636966,0.109115524290672,0.183411888974581,0.112069326839707,0.0384767505257494,0.46862745024135
"113","TCGA-FV-A2QQ",0.098089984991012,0.136529146723075,0.199797239973549,0.120405367059792,0.0451249129187574,0.526124579428123
"114","TCGA-2Y-A9GX",0.0970376533109124,0.177416963177045,0.22908757412594,0.151982499887302,0.0675258665263748,0.592249478070579
"115","TCGA-G3-AAUZ",0.0906509842960855,0.129016409799116,0.192417639020619,0.115038552384296,0.0391724289938075,0.498181224783821
"116","TCGA-DD-AACK",0.0946410448099347,0.127403345204654,0.179308683266627,0.119251122086163,0.0435950716280655,0.491043575092615
"117","TCGA-DD-A3A5",0.0888410556510305,0.100868048315011,0.202376937115637,0.106662321218014,0.017415672037572,0.47507696412147
"118","TCGA-DD-AACY",0.0880897697099703,0.113247539716018,0.186143743702083,0.115652151204374,0.0298071235158645,0.46922354083702
"119","TCGA-BD-A3EP",0.136937767797542,0.179068410374094,0.202847156900747,0.141590805710466,0.0448044223135094,0.56572917882324
"120","TCGA-BC-A10Q",0.113227851407615,0.118462144244704,0.199544511977633,0.14031725608203,0.0602628614963129,0.535756560429971
"121","TCGA-CC-A7IF",0.0848914376864057,0.1174569844279,0.156458924406737,0.0985180685904812,0.0183425593102616,0.455880853040826
"122","TCGA-DD-AADY",0.100938734410257,0.123331455608103,0.170545352386127,0.108223207986114,0.037105506622284,0.481329547785001
"123","TCGA-DD-AACI",0.097380201037362,0.132157939541669,0.250538433111557,0.138743065401903,0.0519915551188999,0.549753717820683
"124","TCGA-CC-A7IH",0.0853092407002871,0.106874070893419,0.178454027907218,0.106348604934694,0.0238658449010783,0.459239514676406
"125","TCGA-UB-AA0V",0.0904556796797996,0.124710682804869,0.204083325044047,0.129233925835541,0.0542391713267116,0.506014673548918
"126","TCGA-DD-AAEB",0.0727316708962906,0.0941359218084862,0.178378293747075,0.0989224134466789,0.0127165658656171,0.441775253546546
"127","TCGA-DD-AAEH",0.0908200295605338,0.152115452097489,0.25200136810681,0.122428412598865,0.0354288261171751,0.526272259081104
"128","TCGA-CC-A8HS",0.104392974348309,0.136357394121615,0.180801018569977,0.121357633794489,0.0375868207398286,0.490153589413616
"129","TCGA-MR-A8JO",0.099368068973387,0.152676191830776,0.2129768102088,0.133845637194913,0.0466370902355456,0.535208996817578
"130","TCGA-DD-AACV",0.0869143866215375,0.0997416280073828,0.160559206517001,0.102313176935756,0.0291800130481443,0.442158748981967
"131","TCGA-ED-A7PZ",0.0860157353792838,0.101621749734832,0.143442260985403,0.104186470898954,0.0364649126150884,0.450094670270106
"132","TCGA-EP-A12J",0.0939064489313166,0.112213462949259,0.190272434403637,0.116414376789459,0.0337714821047183,0.47653861906339
"133","TCGA-2Y-A9H3",0.117200542172317,0.153453396949448,0.203498158790952,0.121183322567364,0.0426976661037069,0.522171658751853
"134","TCGA-FV-A3I0",0.109686276933499,0.144703539304194,0.185593128948025,0.144880709287844,0.0658021216134164,0.550012519544907
"135","TCGA-DD-AADI",0.116091686545541,0.174826153061801,0.219423088232132,0.135310191161347,0.0350428917843279,0.564972238266509
"136","TCGA-DD-A4NS",0.0996024211685087,0.166851736043684,0.246954119064412,0.154966928841796,0.0681790346675319,0.572398252015955
"137","TCGA-2Y-A9HA",0.0871418443267855,0.115713859541041,0.182624358688702,0.119517976522577,0.0456156445796462,0.49206067146821
"138","TCGA-DD-AACG",0.0941687454259332,0.113410450959119,0.179341367424757,0.107877791891891,0.0397712170704823,0.499578712262101
"139","TCGA-DD-A73A",0.0921988926982035,0.137034843237093,0.203185773326205,0.120103525580409,0.0313482359408252,0.500453026063448
"140","TCGA-KR-A7K7",0.104040922028835,0.128578477080488,0.219701211615498,0.121080703859592,0.0386260608321236,0.512918452106402
"141","TCGA-QA-A7B7",0.103660767353528,0.130518781281416,0.184089605238991,0.122034623753907,0.0156670974977818,0.481451204342496
"142","TCGA-BC-A110",0.0932787387664959,0.128000951791674,0.20673828531756,0.149899958535608,0.0598822945049819,0.537286404259433
"143","TCGA-UB-A7ME",0.119561558927612,0.170353102795935,0.216147187907951,0.131700880946233,0.0320667553280017,0.556961871752892
"144","TCGA-G3-AAV2",0.0813515542264391,0.108688435051296,0.178945056322304,0.108999871284949,0.0392403007745049,0.468461832786558
"145","TCGA-DD-A39X",0.0997123011892859,0.120487188569068,0.180564600346047,0.109221252792199,0.0440758580095305,0.505150043396373
"146","TCGA-DD-AAD3",0.0876179988670074,0.146256135499337,0.191331173425043,0.131014761942664,0.0460010043120515,0.515216305989927
"147","TCGA-FV-A3R2",0.0899914775720559,0.132399640263354,0.17772202277767,0.125268932830082,0.0434670179021885,0.496458734523089
"148","TCGA-2Y-A9H7",0.0987947471482718,0.141318622939622,0.170830867165547,0.11330386910086,0.0224662591881544,0.501145110989866
"149","TCGA-ED-A7XO",0.0945425794676682,0.12140268888113,0.200844382741909,0.138630497615067,0.0430826444712409,0.505923826985289
"150","TCGA-DD-AAVZ",0.107008142187059,0.133885528818503,0.178458849711635,0.115745177462088,0.0481606543120959,0.485136492480152
"151","TCGA-ZP-A9CZ",0.114833539185126,0.142008473410752,0.218663425411611,0.133839449967372,0.0518368433235282,0.562333133723639
"152","TCGA-G3-A5SI",0.0924303980871408,0.0905008462314875,0.154618119933184,0.0993804763240256,0.0208437089927225,0.441298628594935
"153","TCGA-MR-A520",0.0832223057907431,0.0942320328414093,0.198292961549197,0.105899300410499,0.0421147641976473,0.451698830937288
"154","TCGA-BC-A10U",0.0895714949714254,0.116296106796783,0.177981722620547,0.121694983119402,0.0625903426327767,0.47653223798601
"155","TCGA-G3-A25Z",0.0820217310172077,0.116522324230827,0.165219993994808,0.112047342942566,0.0424019047054564,0.490458770352767
"156","TCGA-DD-A39V",0.0873311382315573,0.119725190625092,0.221921779438975,0.124067813429904,0.036995980724655,0.528195746799765
"157","TCGA-DD-A4NA",0.121366712477955,0.143769362982526,0.20122040321569,0.155870957011724,0.0560456912494369,0.573861558653378
"158","TCGA-FV-A3I1",0.101692608435562,0.160516438576384,0.176727663277532,0.138360529836598,0.0429034135516068,0.562991164624244
"159","TCGA-DD-A4NL",0.0847463324098947,0.12292509941185,0.180003098750068,0.117386093414331,0.0421723740957304,0.473040672616327
"160","TCGA-DD-A4NQ",0.0925753910617753,0.116159082503939,0.171634656637151,0.143097886801258,0.0443420900689153,0.514448859454271
"161","TCGA-CC-A7IJ",0.109158799527113,0.17184006661932,0.29708762532737,0.172574161925236,0.111440721847895,0.654113954792884
"162","TCGA-LG-A6GG",0.0939018270855964,0.1236539024618,0.157574178519585,0.110490921680636,0.0259095929917255,0.47836324830723
"163","TCGA-CC-A123",0.089150977299019,0.104704569772576,0.170854780895211,0.100649355825512,0.0323381814362261,0.483010435902002
"164","TCGA-DD-AAE4",0.102426405850739,0.119164767286442,0.242312572853583,0.121430063513415,0.042200257145827,0.528766753458666
"165","TCGA-GJ-A3OU",0.105149122720271,0.195941852422265,0.232113433733222,0.173614451527248,0.0752027125813059,0.675121763327446
"166","TCGA-EP-A3RK",0.111163715760004,0.162420809408599,0.234300346331673,0.145071150453376,0.0551854227172021,0.605055943835362
"167","TCGA-MI-A75H",0.0887081701260035,0.125247298067989,0.220678867424513,0.123696083193656,0.0313894719659539,0.51662757532071
"168","TCGA-FV-A2QR",0.0800464761319749,0.113759515558636,0.185137701470157,0.125219238993407,0.0464496517955724,0.492157328854747
"169","TCGA-ED-A5KG",0.200339965275148,0.256581616103919,0.312023703763047,0.184447137704282,0.0488302763634816,0.691645054229703
"170","TCGA-CC-A9FS",0.0849280517619263,0.124935423696336,0.174074596793792,0.105129445321561,0.032038841517086,0.48385642138337
"171","TCGA-G3-A25T",0.103923059845496,0.139482096857421,0.191007168259694,0.13146033104802,0.0580757307207492,0.54228947112849
"172","TCGA-UB-A7MC",0.0976890327452012,0.100609644449726,0.17101744908852,0.112989317856492,0.0396365956116083,0.472228426339606
"173","TCGA-YA-A8S7",0.105234993906913,0.161057584000507,0.213496454465181,0.173951831912637,0.120407684808269,0.607044298540616
"174","TCGA-DD-AACN",0.109292397583037,0.146994436863549,0.206595739636849,0.13391708372848,0.0479538462479438,0.53687496838499
"175","TCGA-5C-A9VG",0.0947553863151238,0.130720642729,0.172040408682002,0.117625658934567,0.0489435598223359,0.505096434536595
"176","TCGA-BC-A10R",0.0858469589575936,0.137122748432517,0.136104426637356,0.115616479234131,0.0459771633953856,0.474645120589487
"177","TCGA-BC-A3KF",0.0849949305023927,0.116723216206265,0.1788191610997,0.108241491429192,0.0473639360026421,0.462225297920809
"178","TCGA-CC-A5UE",0.0976194977591583,0.127301583009447,0.179221317164407,0.116292032438819,0.0349894818725536,0.521324768927429
"179","TCGA-MI-A75E",0.0983662806112374,0.140302735065079,0.195176200349639,0.127556022261898,0.0435137651699841,0.509099014770394
"180","TCGA-G3-A7M8",0.0818455861750996,0.101073682668013,0.177149682268945,0.11425301854626,0.0527896398620223,0.479419227491923
"181","TCGA-CC-A5UD",0.0929352380023689,0.12277671557572,0.199184740767424,0.118923368697813,0.0434713537507782,0.501964812108754
"182","TCGA-CC-A9FW",0.109994421241296,0.131354991669357,0.181146512837942,0.120009338399803,0.0317176027544176,0.505785991606506
"183","TCGA-BC-A10W",0.114407291771118,0.126504100076928,0.208638282970589,0.145236315481919,0.0634692635826082,0.569410169760319
"184","TCGA-2Y-A9GW",0.0949461547725585,0.156110287563235,0.173506441107785,0.143373921225181,0.0353730645469801,0.582407308346717
"185","TCGA-WX-AA47",0.0849851115327613,0.0964693007287449,0.121778085144715,0.0995044781502467,0,0.41963620592623
"186","TCGA-DD-AADC",0.101620327994485,0.117771419495193,0.195699488824999,0.123978959224236,0.0436416250513893,0.508555644425978
"187","TCGA-DD-AADQ",0.0918257898719241,0.10773118566735,0.178788643002579,0.116151010009334,0.00891094469004093,0.467670572753101
"188","TCGA-DD-AAE9",0.0821453452416922,0.113384472714596,0.149282811535884,0.101189267221337,0.0345992059333207,0.449277884995017
"189","TCGA-ZP-A9D1",0.0996758752058094,0.159338414556671,0.199547894585577,0.130272794322036,0.0333968262618541,0.526139802191642
"190","TCGA-G3-AAV5",0.0967829228551481,0.119764924308538,0.167798013284974,0.109611767055083,0.0382756510496425,0.470485550843876
"191","TCGA-2Y-A9GZ",0.0812347967167544,0.106847085941531,0.172686605583224,0.107485246896388,0.0257186023275428,0.460879226024744
"192","TCGA-RG-A7D4",0.145862122932887,0.140970789619567,0.239820834005623,0.131659061145476,0.0308573257441172,0.554984390069452
"193","TCGA-EP-A2KB",0.0909565674830774,0.0996865098111583,0.185911341875485,0.105968877062402,0.0218954851323584,0.479325502089813
"194","TCGA-DD-AAW0",0.0905192712600862,0.162614770883856,0.193865731358215,0.138010773355638,0.0513646747310376,0.562331718240555
"195","TCGA-DD-AACQ",0.08368468358334,0.103457114007743,0.142904352760228,0.104336181651524,0.0128846566367134,0.430978441958315
"196","TCGA-CC-A8HU",0.0816909349986594,0.119677316202692,0.166918879341363,0.1169117230438,0.0564820595284175,0.474028977176982
"197","TCGA-MI-A75G",0.0847435732668552,0.107864720542355,0.155040919786355,0.104466640663733,0.0230765021822708,0.445521249154394
"198","TCGA-DD-AAD1",0.139418884548551,0.191592883941154,0.232048492137597,0.149807678322261,0.0500618260987453,0.593645292686169
"199","TCGA-CC-A8HV",0.0951027010753882,0.136988676587718,0.12706317085566,0.110622886977733,0.0239387093168848,0.461075086939531
"200","TCGA-DD-A1EJ",0.0923612074112383,0.129122447770915,0.16677350183544,0.122485680129224,0.070842225515042,0.52897115709022
"201","TCGA-WQ-A9G7",0.102676112540909,0.149039766003307,0.113792557746872,0.120794946095275,0.0275002370503275,0.473802733968441
"202","TCGA-NI-A8LF",0.0815695541574971,0.111101070008344,0.185528404355264,0.106621841596898,0.0328679105660851,0.458790958272163
"203","TCGA-BC-4072",0.111235896565352,0.147939992472973,0.243772567347705,0.164598223897633,0.0446396496531968,0.596229593666434
"204","TCGA-DD-AAD5",0.104556489860144,0.135135765702815,0.161833578111967,0.149485074328422,0.0919999638466374,0.540290390288207
"205","TCGA-2Y-A9H5",0.0972184439325978,0.158043690322903,0.17676165540644,0.124087732807525,0.0337469242741781,0.508567290008693
"206","TCGA-BC-A217",0.102633347977406,0.135136593971767,0.213549541277159,0.12434660436,0.0401396129282458,0.531480206722724
"207","TCGA-DD-A3A8",0.0742083462046438,0.100068659282484,0.176848649793527,0.10667124111743,0.0129131371877625,0.444761780728727
"208","TCGA-CC-5258",0.100710308900478,0.136243066629816,0.198361540841558,0.136918256972802,0.0406971333350462,0.561016396385161
"209","TCGA-BC-A5W4",0.0859772772513715,0.103993938685167,0.150195945468475,0.0964003623965053,0.0233235849036979,0.433614171787645
"210","TCGA-DD-AADF",0.10571036957006,0.0902607113216045,0.190485683167675,0.103491805153506,0.0194576051909421,0.44629091348746
"211","TCGA-DD-AAE1",0.102808023562117,0.124736644385436,0.170255712565503,0.105322341228798,0.0243879743658036,0.479370612034411
"212","TCGA-DD-A73D",0.0775589690466783,0.0867010349587624,0.152367955077142,0.0943457024863516,0.0110882624575353,0.429975528401389
"213","TCGA-ZP-A9D0",0.0981572574349209,0.116394329929367,0.156925495851483,0.111161481797415,0.0397588492334125,0.46473901457558
"214","TCGA-G3-A5SK",0.0918461906210197,0.094859127632769,0.232587182980385,0.120584467321583,0.0394911240199424,0.486749359131949
"215","TCGA-DD-AADN",0.115511801117635,0.117091862713061,0.240401974957254,0.120622788005286,0.0321606988177823,0.523714408367934
"216","TCGA-CC-A3MC",0.0989571475915755,0.117036571484623,0.163182597489627,0.128578310960238,0.0383585242512841,0.497305602401051
"217","TCGA-DD-AADS",0.086723648466681,0.106302496683427,0.212051310890355,0.107017987352098,0.029320383647147,0.48862380331254
"218","TCGA-DD-AACX",0.0816155681847069,0.108057013522215,0.163130205555351,0.112988871531609,0.0687580902202613,0.45805037779923
"219","TCGA-5R-AAAM",0.0935877417436666,0.122990614986336,0.220712790141198,0.135400180158316,0.0794028551894256,0.530250223959152
"220","TCGA-EP-A2KA",0.107767787983983,0.141513190786143,0.222618553732971,0.146275192452403,0.0278989307982503,0.54001275597885
"221","TCGA-XR-A8TC",0.106061410406325,0.132840625903316,0.146267099086635,0.108979596923389,0.0329554262311324,0.470058644587287
"222","TCGA-DD-A39W",0.0880685757038153,0.109717276654328,0.188528563132145,0.115091649226693,0.0218862496694232,0.483170128029662
"223","TCGA-G3-A3CH",0.094669614962144,0.138012715930278,0.202100096722871,0.117487705401074,0.044877685506342,0.508177548880789
"224","TCGA-DD-AACO",0.0897575336872965,0.110644860092618,0.210143987526054,0.109047922055371,0.054119607142136,0.485371476583017
"225","TCGA-K7-A5RF",0.103580134702495,0.133777520397096,0.213494446528925,0.144434386278042,0.0487743457858191,0.532487491454705
"226","TCGA-DD-A4NP",0.078983695666513,0.10932060837084,0.179748312995423,0.106772977691051,0.0415164506934309,0.450165250795606
"227","TCGA-ZP-A9CY",0.0873831719142713,0.124552634315957,0.182195681132754,0.124606689128935,0.0544802902453006,0.503755652764049
"228","TCGA-BC-4073",0.109981068393206,0.137271381823065,0.268414570523908,0.18496577756565,0.0569434363441675,0.619395379753582
"229","TCGA-DD-AAEE",0.0819181947469473,0.114121496318759,0.17438273121347,0.106228292231403,0.0236687096635042,0.470327038421376
"230","TCGA-CC-A3MB",0.0998500649374299,0.111441245916007,0.191211604520504,0.118403562619392,0.0432121986234729,0.489520102235553
"231","TCGA-RC-A7SH",0.0930277664539731,0.131548839108682,0.141845624296923,0.106183354694385,0.014565278732131,0.452888016973801
"232","TCGA-ZP-A9D4",0.0769145670990923,0.109500362875836,0.16127246414705,0.10930622077179,0.0348653453154056,0.455227235760354
"233","TCGA-ED-A66Y",0.0998916605403007,0.143841556064486,0.132661746572643,0.108717483965723,0.0204105781094001,0.472486052567134
"234","TCGA-DD-A114",0.132200682680305,0.172314072790834,0.253999630434795,0.168056284534638,0.0574778302740515,0.641945618312715
"235","TCGA-5R-AA1C",0.0896388666572321,0.0973580958719155,0.212982504777625,0.116614930029819,0.0553831255596415,0.493368536280866
"236","TCGA-BC-A10X",0.0958414661216863,0.108810491218461,0.223135040713191,0.132338779218289,0.0666405759836184,0.507297631419539
"237","TCGA-DD-AACT",0.0916789899157423,0.126814904017739,0.204596644517195,0.125609118529474,0.0461260379381308,0.48182820599533
"238","TCGA-DD-AAE7",0.0948099498018957,0.122450189019092,0.208371175264429,0.116958184776226,0.0484536687439993,0.489154615527217
"239","TCGA-G3-A3CK",0.100370516778629,0.117151841789064,0.225172222965114,0.124767172420555,0.0419576250456065,0.50746296941459
"240","TCGA-BC-A216",0.0974303398248577,0.133811697201791,0.252585355973648,0.13195020819082,0.0345040987571634,0.510206429330534
"241","TCGA-DD-A39Z",0.0846616480749121,0.11725036536154,0.154134848118008,0.100290812382403,0.00707499263513427,0.439781125242318
"242","TCGA-DD-AADV",0.0931926348212847,0.116710479971505,0.200678015961164,0.11918588073485,0.0576073695580894,0.509565632804108
"243","TCGA-DD-AADK",0.113291353413043,0.152457363224061,0.164402063427802,0.119709418043916,0.0300866103415277,0.50792104808281
"244","TCGA-2Y-A9H0",0.0960989953945441,0.120058943435055,0.209988120205903,0.126900625895139,0.0498989250702058,0.504667304472372
"245","TCGA-DD-AAC8",0.0870554472923384,0.119690367702092,0.179037271756824,0.129202945251536,0.058808911346145,0.498261226801809
"246","TCGA-CC-A7IG",0.0896340782751288,0.153513261095568,0.136504294701969,0.122365207793475,0.0527485161238843,0.511139477513874
"247","TCGA-KR-A7K8",0.100335154813315,0.143112501371101,0.247102810144054,0.133573264481747,0.0574523341775452,0.550941647786909
"248","TCGA-CC-5264",0.103076954916338,0.13247824649015,0.196438112719629,0.125128388299451,0.0576306741426402,0.521306841851512
"249","TCGA-GJ-A9DB",0.0905831484816248,0.133812097254683,0.189851196222574,0.135371883172273,0.0638688097677012,0.52514371379268
"250","TCGA-DD-AADM",0.0852301463819684,0.125564829516964,0.164383843145405,0.108863114390841,0.0318304463866861,0.480822358028173
"251","TCGA-CC-A1HT",0.120401356567558,0.156243255225411,0.269482723309002,0.193395799518067,0.0692062963056039,0.652862427655657
"252","TCGA-G3-AAV0",0.0812897345795884,0.116656869227053,0.164650014750789,0.100750633770148,0.0207733024569022,0.442331459408132
"253","TCGA-DD-A1EE",0.0891738920609263,0.113632079446796,0.160321067762575,0.118139127719785,0.0568905748046749,0.502782620945681
"254","TCGA-DD-A3A7",0.0833557786698079,0.11182536362821,0.156497375709472,0.105158158677155,0.0239849868350008,0.443761031946134
"255","TCGA-DD-AAED",0.0907823466652582,0.139178092227873,0.152407132229823,0.109840284687833,0.0352055641941251,0.466763717437986
"256","TCGA-DD-AACF",0.0999915376216375,0.103324980468354,0.198066311699906,0.122784960547987,0.0490353799765413,0.504058769665421
"257","TCGA-2Y-A9GY",0.1224171259683,0.137458860569151,0.24944947393216,0.148494410618244,0.0514583947535643,0.595140159584468
"258","TCGA-DD-A4NO",0.0804508645574478,0.130767738728893,0.175830709665675,0.115816041996454,0.049859652129981,0.490222128584589
"259","TCGA-DD-A118",0.100332365088321,0.116382796422849,0.181077069331621,0.113370605103833,0.0522387051144498,0.496348957483256
"260","TCGA-O8-A75V",0.102217455552537,0.135034849169929,0.196679636893334,0.119977634204326,0.0531322512348391,0.523806800016512
"261","TCGA-DD-AAVQ",0.144428508428537,0.185639532179783,0.226502842866636,0.139686074958806,0.036797294616583,0.586139721731033
"262","TCGA-BC-A69H",0.0959159704440165,0.140116883841642,0.162384624128205,0.121639050696732,0.0381289374617767,0.545298370112654
"263","TCGA-DD-A73C",0.0807400572263852,0.127779084539709,0.218646868634545,0.117695784229871,0.0659757010290201,0.492490712713897
"264","TCGA-ZS-A9CD",0.0840347633272693,0.132928848142865,0.169518204429004,0.133372084973247,0.0431403810971622,0.499924598005296
"265","TCGA-UB-AA0U",0.088617245380119,0.153335051199453,0.192893875107725,0.136264801609081,0.0544666838322491,0.545472989023521
"266","TCGA-DD-AACE",0.0786904474952214,0.102147886263554,0.159362861995348,0.102246345194725,0.012986109196612,0.451600484370526
"267","TCGA-ED-A66X",0.106151000316178,0.147971719375262,0.19475248789701,0.137894473501545,0.0862268565646065,0.56188852597049
"268","TCGA-2Y-A9GU",0.0897441577306237,0.118284273301147,0.167003571531983,0.107142299274534,0.0312324737794462,0.454849186081455
"269","TCGA-DD-AADU",0.0755002362725753,0.0881399529930123,0.16877062420748,0.108372667994539,0,0.450192274196017
"270","TCGA-DD-A4NN",0.087504332247374,0.121252103463483,0.154578716559654,0.114075718128115,0.0422952728736077,0.482392454075706
"271","TCGA-DD-A73E",0.0851269292667325,0.105501950104742,0.164205795506659,0.104080790037344,0.0142299233167961,0.464511477693604
"272","TCGA-DD-AADA",0.107084604204905,0.149538801468407,0.196350720104211,0.115834336610885,0.02854548200458,0.489220339497681
"273","TCGA-G3-AAV3",0.11209258566069,0.145869531677483,0.229805712805256,0.133799247719667,0.0271802329745652,0.555329031460475
"274","TCGA-CC-A7IK",0.0842115530174488,0.0993247310558385,0.190971573689708,0.112100559424103,0.0281934118821324,0.468398654435035
"275","TCGA-XR-A8TE",0.0864969709623312,0.117644212496362,0.193274648453995,0.124242271371086,0.0341554253063912,0.487178052385001
"276","TCGA-2Y-A9GV",0.0835352550045782,0.146132420141468,0.200504799767124,0.135796675764856,0.0743391725643072,0.511826151729848
"277","TCGA-G3-A25V",0.0875906479923367,0.145144237469234,0.19434816799856,0.137128991460064,0.0425743453313989,0.540104329984587
"278","TCGA-G3-A5SM",0.105369457745342,0.121579715570152,0.194069756674598,0.127344345350702,0.0448633744156898,0.522940884730049
"279","TCGA-BW-A5NO",0.092739443993786,0.120047467138559,0.200004852854361,0.129919582007423,0.041541900206013,0.50360072452283
"280","TCGA-G3-AAV1",0.0925233328141703,0.110127769517743,0.182760301292841,0.115102320688478,0.0453790683290539,0.491656455514784
"281","TCGA-2Y-A9H9",0.0975583440631324,0.107908672462473,0.191117811912235,0.114834283832424,0.0391607873511571,0.489945671358249
"282","TCGA-RC-A7S9",0.111499078142427,0.131664061085608,0.17828478454121,0.112157957671541,0.0262614890967282,0.493908512137452
"283","TCGA-RC-A6M5",0.0910317488141213,0.131747549100436,0.180368573223438,0.11355257419656,0.0435286890412437,0.494823122277847
"284","TCGA-WQ-AB4B",0.0820608223542958,0.122350652284524,0.16685183276677,0.108855203628856,0.0332468265871766,0.484118773139726
"285","TCGA-ED-A8O5",0.0989815355847991,0.124446409394501,0.196829559397874,0.114562549528951,0.0221567142514827,0.48733369604224
"286","TCGA-2Y-A9GT",0.108279441961975,0.165959240550139,0.235169533662774,0.130811861061602,0.0448645890713947,0.532624896893606
"287","TCGA-DD-A3A2",0.078850183356911,0.100368178449149,0.168639751299052,0.10096105564467,0.0331013237977505,0.427929735161743
"288","TCGA-DD-AAW1",0.083459885887028,0.099093394388504,0.173450685084317,0.10861314296438,0.0203873939532636,0.457067916192819
"289","TCGA-G3-A7M7",0.0814669977914369,0.114954130665187,0.154539316964237,0.109879755825459,0.0253789604430659,0.464720265817219
"290","TCGA-DD-AACL",0.111976825646443,0.146959038022275,0.218558278341642,0.154602722203259,0.0731367838139605,0.572956138581322
"291","TCGA-ZS-A9CG",0.0781094078268081,0.0997879981314332,0.191646020366191,0.119306811646203,0.0349623827779971,0.475974384227896
"292","TCGA-ED-A7PX",0.110449662529884,0.151632965757585,0.174949899659333,0.141019677758752,0.0598793651527274,0.548736343736148
"293","TCGA-FV-A3R3",0.104478007901142,0.139121704371539,0.218882117659731,0.128794807667922,0.0688273615193079,0.54171590610053
"294","TCGA-DD-A4NH",0.101015828004679,0.164872070723685,0.150120635027596,0.179699143329381,0.047383913409269,0.531422963853994
"295","TCGA-DD-A73G",0.0893160641988058,0.121914605977169,0.151325018560751,0.107549082001948,0.0473879323519223,0.480616942117091
"296","TCGA-DD-AAD6",0.083839829260134,0.106535055521895,0.141908833518511,0.104147963349554,0.0194246825080159,0.45428761870979
"297","TCGA-DD-AACD",0.0981707526998436,0.111779242086327,0.189476798061572,0.115382659712541,0.037647250908334,0.495395064276939
"298","TCGA-G3-A25X",0.100562972973387,0.123390898949141,0.238134376803988,0.154496532053059,0.0562563658416106,0.576793736329508
"299","TCGA-DD-A11D",0.0882836676577737,0.116316221996569,0.1748794394405,0.111068518087661,0.0274430727776065,0.467518337795716
"300","TCGA-DD-A4NB",0.091352222546916,0.135156923825019,0.231624662999347,0.136450327010412,0.0604843013906139,0.540953559884713
"301","TCGA-CC-A7IE",0.109636751467647,0.147632574375445,0.203673760007407,0.132074855528694,0.032484678313945,0.552002466588674
"302","TCGA-RC-A7SB",0.0808078157584103,0.105897115942136,0.170733842246976,0.110885172152507,0.0355150786742627,0.46588619005682
"303","TCGA-RC-A6M4",0.0787013235636475,0.0977459059727652,0.137628031207945,0.0947768706104999,0.0166835065184707,0.438500558938346
"304","TCGA-DD-A4NF",0.0838992828983777,0.100658830643257,0.18298256102737,0.108741329910938,0.0345867140553459,0.459741137854584
"305","TCGA-G3-A7M9",0.107259929884722,0.144140431340025,0.188352706647898,0.142219508124624,0.0485985696735369,0.548129757404374
"306","TCGA-DD-AAVW",0.106811863632927,0.170914858871492,0.196964424901236,0.126396136856669,0.0539584924437727,0.553691150259323
"307","TCGA-PD-A5DF",0.0878683705316196,0.130923482929354,0.186108636096166,0.138720875645493,0.0511621457065753,0.560972182405735
"308","TCGA-BD-A2L6",0.0840724083796962,0.129809831912662,0.188681635927943,0.10850878101254,0.0284813192586255,0.472314518020569
"309","TCGA-XR-A8TG",0.0875022326842558,0.103172408908178,0.203412017439255,0.138610051904867,0.0344236319841347,0.513723836661179
"310","TCGA-XR-A8TF",0.0895243733067021,0.103569717094499,0.191235587908022,0.108565314537293,0.0318484180729412,0.467180566741966
"311","TCGA-G3-A7M6",0.104775913945172,0.17821319371073,0.190183546939386,0.144942097046197,0.0512898148789871,0.553278399939292
"312","TCGA-G3-A25Y",0.105756412990243,0.156948897629013,0.208356575958595,0.144801887226302,0.0635381377204178,0.55453287817344
"313","TCGA-UB-A7MA",0.11350307515503,0.146488300042576,0.183475455520645,0.135074882545941,0.0523532782414971,0.52792450304231
"314","TCGA-GJ-A6C0",0.0945962932692267,0.129000018538078,0.188347782669853,0.152914796340487,0.0643217922073463,0.549334687964187
"315","TCGA-DD-AAVP",0.0876049346288765,0.110879588881352,0.17888422409573,0.1148416029847,0.0288204583525343,0.475434453132218
"316","TCGA-DD-AADW",0.108708031410651,0.140140916845599,0.178749777773047,0.123812883315051,0.0501895776562163,0.515954269334385
"317","TCGA-DD-A1EF",0.121756627236199,0.161001443524141,0.198103148809726,0.12329130969133,0.0380002306731914,0.550923418906074
"318","TCGA-CC-5261",0.143777807402738,0.20398330655869,0.22093259688883,0.158180548062239,0.0485568971795569,0.611530886572203
"319","TCGA-DD-A11B",0.0856953814109908,0.116297936797538,0.174129882077181,0.108797054016999,0.036367947348134,0.460749753741256
"320","TCGA-DD-AAD8",0.0859870093004403,0.0990972500641841,0.191680248910008,0.113933952921808,0.0290620547497573,0.472350025680179
"321","TCGA-DD-AAVU",0.0798489584572606,0.109162128034697,0.153991075425479,0.101031816475601,0.0388402085270023,0.462317546464572
"322","TCGA-CC-5262",0.0899096149394332,0.125205496420619,0.219299489575024,0.156187236137065,0.0609849384273718,0.524574428930401
"323","TCGA-G3-AAV4",0.0843473871281294,0.115295803988793,0.186039829300568,0.11257770672752,0.0412189092491392,0.483956487696302
"324","TCGA-DD-AACH",0.108182235137081,0.12116591539732,0.210110313365644,0.140205492384556,0.0622832434378998,0.546896623328373
"325","TCGA-DD-AADJ",0.0936092961894483,0.125014039113668,0.17399189935,0.108606778773696,0.0186560853628778,0.480202838422634
"326","TCGA-G3-A5SJ",0.112376315314322,0.138234557254525,0.222093569803538,0.155130476625361,0.0276484131704909,0.559319294542941
"327","TCGA-K7-AAU7",0.102153431640196,0.154642956998593,0.17895655868627,0.168025678885224,0.0348313267633187,0.56791170802102
"328","TCGA-HP-A5MZ",0.0924380618980884,0.162652714002502,0.205823816549092,0.138760671591319,0.0586375723208261,0.551324980253485
"329","TCGA-DD-A1EL",0.0950247715386206,0.114718977670028,0.184948206481314,0.126887243356742,0.0446079935364668,0.536171460653727
"330","TCGA-DD-A1EI",0.0961126116670645,0.141904464108295,0.201539365787933,0.13231341058677,0.0571656308669613,0.531068151258015
"331","TCGA-DD-AAEI",0.0901846116508507,0.109554899680285,0.191841645470801,0.111220975081356,0.0471166993867299,0.506564339158225
"332","TCGA-2Y-A9H8",0.102495570057913,0.139624585391853,0.191142144647291,0.124762127609966,0.0350527654161903,0.514943294581444
"333","TCGA-DD-A11C",0.0962917856147173,0.126072128426169,0.206112690387533,0.1182594302223,0.0476203280147671,0.514354556947754
"334","TCGA-DD-AAE3",0.0775267034408831,0.0978274774274692,0.189083705826006,0.112018312865772,0.0381812739988768,0.479557954992319
"335","TCGA-WX-AA46",0.0795622438012677,0.105495668241596,0.181811777539132,0.12155656815706,0.0486330775896754,0.469201960822616
"336","TCGA-DD-AAW2",0.0864814233881306,0.0953796861298396,0.187928811016818,0.105927590945866,0.0242605130184042,0.459745689428003
"337","TCGA-ZP-A9D2",0.118959398570215,0.15310969095932,0.197500898341682,0.149389349383073,0.0785336936730896,0.554131978119027
"338","TCGA-KR-A7K2",0.0944756175746741,0.147332490312645,0.169146258638125,0.112993448795123,0.0357638904898719,0.474544633017227
"339","TCGA-DD-AACZ",0.11406721391482,0.145390423678968,0.261869701297855,0.156119348346282,0.0725661919404494,0.62033247519501
"340","TCGA-BC-A8YO",0.117760884684961,0.151363322777022,0.257725309691612,0.146788212914459,0.0503319319246447,0.591467886464454
"341","TCGA-DD-A3A3",0.0837933253596262,0.108047887091073,0.150023504192731,0.107137411793079,0.0230926662429335,0.454496335090813
"342","TCGA-WX-AA44",0.101910607724961,0.153099979964719,0.170995391173898,0.130213011229485,0.0424109771953738,0.526090974154975
"343","TCGA-DD-A73B",0.0840447826380807,0.0868366296413038,0.17996737053102,0.104823960984887,0.0448453587686204,0.442819463916359
"344","TCGA-DD-A4NI",0.0946781895114033,0.135754655582317,0.208289815001212,0.12102355584935,0.0425280968364999,0.499277515459635
"345","TCGA-MI-A75I",0.092060340696112,0.115946951746948,0.174418481070481,0.124690743233044,0.0334091684920111,0.493152426855405
"346","TCGA-DD-AAE0",0.11434333226848,0.145101664084716,0.175163285319647,0.123898569677569,0.0379883584670896,0.523024647452358
"347","TCGA-DD-AADB",0.131391496818269,0.159235838183723,0.226441905500932,0.135997721245467,0.0363205857147408,0.561478827004489
"348","TCGA-ED-A459",0.112443974862025,0.124628195496052,0.170396238344719,0.129645474829852,0.0533333332853475,0.524996898025337
"349","TCGA-BC-A10Y",0.10138105276929,0.120233180864449,0.209912683862979,0.122026514055469,0.0340333894757605,0.509888319456196
"350","TCGA-DD-A1EB",0.0824571669681624,0.116352779574823,0.180110141560546,0.111415329824086,0.0279462880894752,0.459416935710606
"351","TCGA-DD-A11A",0.0909785246209417,0.0850480418713696,0.195636107170564,0.112099762178235,0.0414990102895035,0.468298784171706
"352","TCGA-BC-A3KG",0.0958561835540759,0.116752929168217,0.179095552239911,0.128194743326584,0.0336683886980158,0.481069491017436
"353","TCGA-DD-A119",0.0863048602838622,0.108777553783016,0.162203467859108,0.10926403686844,0.0339606187130471,0.477801605248345
"354","TCGA-DD-A115",0.0875165848102484,0.128269711220792,0.19960367665106,0.114957812490186,0.0314469578123256,0.513395653885226
"355","TCGA-G3-AAV7",0.104039219928609,0.147611710387802,0.178317016842925,0.158382098284093,0.0698147331210883,0.578878556496172
"356","TCGA-BC-A10Z",0.0801850721861798,0.0982997396056022,0.144765063249794,0.106849661036706,0.0233524092612325,0.43487746679018
"357","TCGA-BC-A69I",0.0796476332267596,0.114005465534965,0.186229146924403,0.11879878929635,0.0365151479796729,0.48308375630559
"358","TCGA-CC-A3MA",0.108038805130931,0.151074641550487,0.185569283959346,0.140800642963025,0.0591019993084571,0.536731853957408
"359","TCGA-ES-A2HT",0.0907219178664464,0.126698646769538,0.143955800775893,0.10895207949701,0.0228915050780346,0.467997866462333
"360","TCGA-DD-AAD2",0.0940829666508661,0.142700568670619,0.198144190916067,0.134613816764723,0.047780566364592,0.542320915801307
"361","TCGA-DD-AAD0",0.0811085335350221,0.115266884407348,0.14808379915061,0.106928101631336,0.0238831252738598,0.453252495572151
"362","TCGA-DD-A1ED",0.0913093529348512,0.118676823273806,0.215733585370042,0.138034325797532,0.046272695749151,0.518150924473214
"363","TCGA-ED-A7XP",0.0995179157197606,0.128456522070748,0.203399207668207,0.124621411247185,0.0534709605743319,0.526516750298237
"364","TCGA-DD-AACC",0.136888077632199,0.153924917372942,0.28236339644893,0.152262124857507,0.0561255805768288,0.58957643510474
"365","TCGA-5R-AA1D",0.0911345766755657,0.13888203923285,0.217504074619717,0.129779775777018,0.0643885108232042,0.536562041998817
