"","Hugo_Symbol","High","Low","pval","or","ci.up","ci.low","adjPval"
"1","LAMA1",11,5,0.000526385907119004,6.35737835863752,24.01467754265,1.96942823782132,0.386035599653899
"2","ELAC2",5,0,0.00146595797336924,Inf,Inf,2.47763013430593,0.386035599653899
"3","WASHC4",5,0,0.00146595797336924,Inf,Inf,2.47763013430593,0.386035599653899
"4","NUP214",7,3,0.00564540742932681,6.49734291510225,39.7543654994073,1.44594856964049,0.601599638207074
"5","SORCS3",7,3,0.00564540742932681,6.49734291510225,39.7543654994073,1.44594856964049,0.601599638207074
"6","ADAMTS9",6,2,0.00653400339400369,8.28865474893869,85.5565885307529,1.4496447806017,0.601599638207074
"7","TLE4",5,1,0.00685366676438438,13.7025625523932,653.632813918783,1.50564588179248,0.601599638207074
"8","WDR49",5,1,0.00685366676438438,13.7025625523932,653.632813918783,1.50564588179248,0.601599638207074
"9","ZNF292",5,1,0.00685366676438438,13.7025625523932,653.632813918783,1.50564588179248,0.601599638207074
"10","VCAN",7,4,0.0120098322434966,4.85827504565965,23.1732363798101,1.20244909773103,0.672290702321
"11","DOCK2",12,11,0.0132915630612805,3.12161814003452,8.12569209653854,1.21150114028881,0.672290702321
"12","CYLC1",6,3,0.0152197160628171,5.51164066517487,34.7377085287736,1.14931854722605,0.672290702321
"13","SLC4A3",6,3,0.0152197160628171,5.51164066517487,34.7377085287736,1.14931854722605,0.672290702321
"14","ITIH5",5,2,0.0187220195583063,6.83625881046765,72.8157830864998,1.09674202598849,0.672290702321
"15","KALRN",5,2,0.0187220195583063,6.83625881046765,72.8157830864998,1.09674202598849,0.672290702321
"16","KIAA0100",5,2,0.0187220195583063,6.83625881046765,72.8157830864998,1.09674202598849,0.672290702321
"17","OR5D18",5,2,0.0187220195583063,6.83625881046765,72.8157830864998,1.09674202598849,0.672290702321
"18","SORCS1",5,2,0.0187220195583063,6.83625881046765,72.8157830864998,1.09674202598849,0.672290702321
"19","SUPT6H",5,2,0.0187220195583063,6.83625881046765,72.8157830864998,1.09674202598849,0.672290702321
"20","SVIL",5,2,0.0187220195583063,6.83625881046765,72.8157830864998,1.09674202598849,0.672290702321
"21","TACC2",5,2,0.0187220195583063,6.83625881046765,72.8157830864998,1.09674202598849,0.672290702321
"22","TTBK1",5,2,0.0187220195583063,6.83625881046765,72.8157830864998,1.09674202598849,0.672290702321
"23","DNAH10",7,5,0.022318355681636,3.87454137714938,15.8952367256872,1.02946315124931,0.705260039539699
"24","TDRD5",7,5,0.022318355681636,3.87454137714938,15.8952367256872,1.02946315124931,0.705260039539699
"25","TSC2",7,5,0.022318355681636,3.87454137714938,15.8952367256872,1.02946315124931,0.705260039539699
"26","TP53",37,65,0.0253388895775374,1.79789810649605,3.03638249669845,1.05931692734146,0.769912414086714
"27","PLXNA4",8,6,0.0267670176129554,3.71683966008745,13.3778030303684,1.09704130190786,0.778971047343714
"28","CADPS",6,4,0.0295811790130524,4.12150272859153,20.313571813535,0.953127157971783,0.778971047343714
"29","SAGE1",6,4,0.0295811790130524,4.12150272859153,20.313571813535,0.953127157971783,0.778971047343714
"30","SHANK1",6,4,0.0295811790130524,4.12150272859153,20.313571813535,0.953127157971783,0.778971047343714
"31","DHX57",5,3,0.0390353798321441,4.54648576989559,29.858621937401,0.865278811754424,0.790716668394713
"32","DIP2C",5,3,0.0390353798321441,4.54648576989559,29.858621937401,0.865278811754424,0.790716668394713
"33","DYSF",5,3,0.0390353798321441,4.54648576989559,29.858621937401,0.865278811754424,0.790716668394713
"34","FAM47A",5,3,0.0390353798321441,4.54648576989559,29.858621937401,0.865278811754424,0.790716668394713
"35","FLG2",5,3,0.0390353798321441,4.54648576989559,29.858621937401,0.865278811754424,0.790716668394713
"36","MIA3",5,3,0.0390353798321441,4.54648576989559,29.858621937401,0.865278811754424,0.790716668394713
"37","PCDH11X",5,3,0.0390353798321441,4.54648576989559,29.858621937401,0.865278811754424,0.790716668394713
"38","PCDHA7",5,3,0.0390353798321441,4.54648576989559,29.858621937401,0.865278811754424,0.790716668394713
"39","ZFPM2",5,3,0.0390353798321441,4.54648576989559,29.858621937401,0.865278811754424,0.790716668394713
"40","DNAH7",2,20,0.0492822504807523,0.248640175732345,1.05593140864897,0.0276500916928409,0.967672622407795
"41","KMT2A",7,6,0.0514458862545916,3.21800071217375,11.9175951261104,0.899807560927512,0.967672622407795
"42","PCDH7",7,6,0.0514458862545916,3.21800071217375,11.9175951261104,0.899807560927512,0.967672622407795
"43","CTNNB1",18,74,0.0573811271086571,0.560316465994261,1.02242886238805,0.295110673649272,1
"44","CDKN2A",0,10,0.0676344980682834,0,1.15606359153119,0,1
"45","TNN",0,10,0.0676344980682834,0,1.15606359153119,0,1
"46","POLQ",7,7,0.0681450910135065,2.74907755968495,9.46148470563303,0.798878175390246,1
"47","TG",7,7,0.0681450910135065,2.74907755968495,9.46148470563303,0.798878175390246,1
"48","COL4A5",0,9,0.0682498434209101,0,1.31731851901178,0,1
"49","DIDO1",0,9,0.0682498434209101,0,1.31731851901178,0,1
"50","NAV3",0,9,0.0682498434209101,0,1.31731851901178,0,1
"51","ARID2",2,18,0.076209241814713,0.278533819688034,1.19946641276309,0.0307685438221175,1
"52","DHX9",6,5,0.0779420064824653,3.28661097200348,13.9573912475281,0.814241516555881,1
"53","PRUNE2",8,9,0.0913189265825674,2.45210504483223,7.40676795703806,0.796848675277089,1
"54","DNAH17",6,6,0.0985427047434278,2.73009683192683,10.4940341465647,0.710454982551762,1
"55","FN1",6,6,0.0985427047434278,2.73009683192683,10.4940341465647,0.710454982551762,1
"56","PREX1",6,6,0.0985427047434278,2.73009683192683,10.4940341465647,0.710454982551762,1
"57","ADAMTS20",0,8,0.11285331711461,0,1.52820618681199,0,1
"58","NFE2L2",0,8,0.11285331711461,0,1.52820618681199,0,1
"59","NLRP12",0,8,0.11285331711461,0,1.52820618681199,0,1
"60","OR8H2",0,8,0.11285331711461,0,1.52820618681199,0,1
"61","SDK2",0,8,0.11285331711461,0,1.52820618681199,0,1
"62","SLIT2",0,8,0.11285331711461,0,1.52820618681199,0,1
"63","UMODL1",0,8,0.11285331711461,0,1.52820618681199,0,1
"64","MYO18A",5,4,0.121835086901896,3.4001629865833,17.5139957944671,0.71503006556479,1
"65","NYNRIN",5,4,0.121835086901896,3.4001629865833,17.5139957944671,0.71503006556479,1
"66","RANBP2",5,4,0.121835086901896,3.4001629865833,17.5139957944671,0.71503006556479,1
"67","RIMS1",5,4,0.121835086901896,3.4001629865833,17.5139957944671,0.71503006556479,1
"68","SPAG17",5,4,0.121835086901896,3.4001629865833,17.5139957944671,0.71503006556479,1
"69","TRPS1",5,4,0.121835086901896,3.4001629865833,17.5139957944671,0.71503006556479,1
"70","WNK2",5,4,0.121835086901896,3.4001629865833,17.5139957944671,0.71503006556479,1
"71","DYNC2H1",1,13,0.124002738192555,0.194865388644575,1.3308632310456,0.00452982047455072,1
"72","CSMD1",9,12,0.129698666042618,2.06829825364114,5.55762783795344,0.742584072814812,1
"73","NBEA",7,8,0.134732175602579,2.39704801485923,7.80634457420661,0.717955521200368,1
"74","ADGRL3",5,5,0.146082059129784,2.71152394009406,12.0702558982374,0.609165741446907,1
"75","ALMS1",5,5,0.146082059129784,2.71152394009406,12.0702558982374,0.609165741446907,1
"76","HUWE1",5,5,0.146082059129784,2.71152394009406,12.0702558982374,0.609165741446907,1
"77","PLCB1",5,5,0.146082059129784,2.71152394009406,12.0702558982374,0.609165741446907,1
"78","SETD2",5,5,0.146082059129784,2.71152394009406,12.0702558982374,0.609165741446907,1
"79","UBR4",5,5,0.146082059129784,2.71152394009406,12.0702558982374,0.609165741446907,1
"80","ZNF578",5,5,0.146082059129784,2.71152394009406,12.0702558982374,0.609165741446907,1
"81","APOB",12,19,0.1466277479996,1.75209471498496,3.98807428083852,0.742573889364884,1
"82","ARID1A",10,15,0.165222264711705,1.83731312562974,4.56128540013132,0.710102553237332,1
"83","FAT2",2,15,0.17067163493979,0.338300424288016,1.49811714414355,0.0368606039965525,1
"84","ADAMTS19",5,6,0.183105572202194,2.25218646669755,9.09408355695918,0.530365519245812,1
"85","BSN",5,6,0.183105572202194,2.25218646669755,9.09408355695918,0.530365519245812,1
"86","NBAS",5,6,0.183105572202194,2.25218646669755,9.09408355695918,0.530365519245812,1
"87","PATJ",5,6,0.183105572202194,2.25218646669755,9.09408355695918,0.530365519245812,1
"88","SEMA6D",5,6,0.183105572202194,2.25218646669755,9.09408355695918,0.530365519245812,1
"89","CSMD3",11,17,0.18447595934847,1.78911024105847,4.23624498638154,0.726922383979062,1
"90","SDK1",8,11,0.184606270289667,1.99167873587047,5.63719068368455,0.672493626691499,1
"91","ATR",1,11,0.191515599070478,0.232126169551185,1.6365735267842,0.00532799215216799,1
"92","ADAMTS13",0,6,0.193598902217943,0,2.22855849889432,0,1
"93","ARHGEF40",0,6,0.193598902217943,0,2.22855849889432,0,1
"94","ATP8B2",0,6,0.193598902217943,0,2.22855849889432,0,1
"95","CGNL1",0,6,0.193598902217943,0,2.22855849889432,0,1
"96","CHSY3",0,6,0.193598902217943,0,2.22855849889432,0,1
"97","CPSF1",0,6,0.193598902217943,0,2.22855849889432,0,1
"98","CRB1",0,6,0.193598902217943,0,2.22855849889432,0,1
"99","CREBBP",0,6,0.193598902217943,0,2.22855849889432,0,1
"100","CTNNA3",0,6,0.193598902217943,0,2.22855849889432,0,1
"101","CUX2",0,6,0.193598902217943,0,2.22855849889432,0,1
"102","EGF",0,6,0.193598902217943,0,2.22855849889432,0,1
"103","FCRL5",0,6,0.193598902217943,0,2.22855849889432,0,1
"104","IL1RAPL2",0,6,0.193598902217943,0,2.22855849889432,0,1
"105","LAMB4",0,6,0.193598902217943,0,2.22855849889432,0,1
"106","LONP2",0,6,0.193598902217943,0,2.22855849889432,0,1
"107","MYH11",0,6,0.193598902217943,0,2.22855849889432,0,1
"108","MYO16",0,6,0.193598902217943,0,2.22855849889432,0,1
"109","PI4KA",0,6,0.193598902217943,0,2.22855849889432,0,1
"110","PIK3C2B",0,6,0.193598902217943,0,2.22855849889432,0,1
"111","RAI14",0,6,0.193598902217943,0,2.22855849889432,0,1
"112","RICTOR",0,6,0.193598902217943,0,2.22855849889432,0,1
"113","SFMBT2",0,6,0.193598902217943,0,2.22855849889432,0,1
"114","SHROOM3",0,6,0.193598902217943,0,2.22855849889432,0,1
"115","SLC30A1",0,6,0.193598902217943,0,2.22855849889432,0,1
"116","SORL1",0,6,0.193598902217943,0,2.22855849889432,0,1
"117","SPTB",0,6,0.193598902217943,0,2.22855849889432,0,1
"118","TDRD1",0,6,0.193598902217943,0,2.22855849889432,0,1
"119","TRDN",0,6,0.193598902217943,0,2.22855849889432,0,1
"120","USF3",0,6,0.193598902217943,0,2.22855849889432,0,1
"121","ZNF676",0,6,0.193598902217943,0,2.22855849889432,0,1
"122","AP2B1",0,7,0.196780055377433,0,1.81533559706244,0,1
"123","CDH15",0,7,0.196780055377433,0,1.81533559706244,0,1
"124","CNTNAP5",0,7,0.196780055377433,0,1.81533559706244,0,1
"125","COL3A1",0,7,0.196780055377433,0,1.81533559706244,0,1
"126","FER1L6",0,7,0.196780055377433,0,1.81533559706244,0,1
"127","GRIP1",0,7,0.196780055377433,0,1.81533559706244,0,1
"128","HNF1A",0,7,0.196780055377433,0,1.81533559706244,0,1
"129","KIAA1210",0,7,0.196780055377433,0,1.81533559706244,0,1
"130","LNPEP",0,7,0.196780055377433,0,1.81533559706244,0,1
"131","USP48",0,7,0.196780055377433,0,1.81533559706244,0,1
"132","KIAA1109",6,7,0.200899770857646,2.33212656599368,8.34192351151779,0.629851177620993,1
"133","FREM2",8,12,0.204577198718114,1.81873266030882,5.02274415665115,0.623333089578029,1
"134","ZFHX4",6,8,0.222781644394686,2.03351027819544,6.89030410556924,0.565348329916817,1
"135","SYNE1",7,10,0.263067302476113,1.90392173110493,5.73234893243214,0.596154002604378,1
"136","ANO4",4,5,0.2666292554569,2.14795987933767,10.2155786263849,0.41701937875834,1
"137","CELSR1",4,5,0.2666292554569,2.14795987933767,10.2155786263849,0.41701937875834,1
"138","CMYA5",4,5,0.2666292554569,2.14795987933767,10.2155786263849,0.41701937875834,1
"139","DCC",4,5,0.2666292554569,2.14795987933767,10.2155786263849,0.41701937875834,1
"140","GPR158",4,5,0.2666292554569,2.14795987933767,10.2155786263849,0.41701937875834,1
"141","GRIA2",4,5,0.2666292554569,2.14795987933767,10.2155786263849,0.41701937875834,1
"142","KIF19",4,5,0.2666292554569,2.14795987933767,10.2155786263849,0.41701937875834,1
"143","MEGF8",4,5,0.2666292554569,2.14795987933767,10.2155786263849,0.41701937875834,1
"144","MRC2",4,5,0.2666292554569,2.14795987933767,10.2155786263849,0.41701937875834,1
"145","SLC8A1",4,5,0.2666292554569,2.14795987933767,10.2155786263849,0.41701937875834,1
"146","STYXL2",4,5,0.2666292554569,2.14795987933767,10.2155786263849,0.41701937875834,1
"147","TLN1",4,5,0.2666292554569,2.14795987933767,10.2155786263849,0.41701937875834,1
"148","ZNF91",4,5,0.2666292554569,2.14795987933767,10.2155786263849,0.41701937875834,1
"149","HERC2",7,11,0.283609651314362,1.72431994377868,5.04537367086007,0.549145332650664,1
"150","LRP1B",11,19,0.285071262575019,1.58819904904475,3.67928988610791,0.654796147921806,1
"151","CNTNAP2",1,9,0.295850142158404,0.285925825463701,2.1115096406928,0.00644585976935965,1
"152","HERC1",1,9,0.295850142158404,0.285925825463701,2.1115096406928,0.00644585976935965,1
"153","ROBO1",1,9,0.295850142158404,0.285925825463701,2.1115096406928,0.00644585976935965,1
"154","ZNF521",1,9,0.295850142158404,0.285925825463701,2.1115096406928,0.00644585976935965,1
"155","PCDH11Y",1,10,0.30166475700433,0.256339062317347,1.84526423762119,0.00583605227485712,1
"156","USP34",1,10,0.30166475700433,0.256339062317347,1.84526423762119,0.00583605227485712,1
"157","KMT2C",5,7,0.323198672667356,1.92391481260091,7.2406261106891,0.469354218516222,1
"158","TPO",5,7,0.323198672667356,1.92391481260091,7.2406261106891,0.469354218516222,1
"159","TTN",27,57,0.327866761097329,1.33988813164284,2.34625902475613,0.753843023907846,1
"160","ABCA10",0,5,0.328205825183006,0,2.87057147457254,0,1
"161","ABCA2",0,5,0.328205825183006,0,2.87057147457254,0,1
"162","ABCC3",0,5,0.328205825183006,0,2.87057147457254,0,1
"163","ABCC6",0,5,0.328205825183006,0,2.87057147457254,0,1
"164","ADAM29",0,5,0.328205825183006,0,2.87057147457254,0,1
"165","ADCY5",0,5,0.328205825183006,0,2.87057147457254,0,1
"166","ADGRF1",0,5,0.328205825183006,0,2.87057147457254,0,1
"167","AKAP13",0,5,0.328205825183006,0,2.87057147457254,0,1
"168","ARHGAP33",0,5,0.328205825183006,0,2.87057147457254,0,1
"169","ATP10A",0,5,0.328205825183006,0,2.87057147457254,0,1
"170","ATP1A3",0,5,0.328205825183006,0,2.87057147457254,0,1
"171","ATP2B4",0,5,0.328205825183006,0,2.87057147457254,0,1
"172","BOD1L1",0,5,0.328205825183006,0,2.87057147457254,0,1
"173","BRCA1",0,5,0.328205825183006,0,2.87057147457254,0,1
"174","CAMSAP2",0,5,0.328205825183006,0,2.87057147457254,0,1
"175","CATSPER1",0,5,0.328205825183006,0,2.87057147457254,0,1
"176","CD5L",0,5,0.328205825183006,0,2.87057147457254,0,1
"177","CDC42BPA",0,5,0.328205825183006,0,2.87057147457254,0,1
"178","CEP68",0,5,0.328205825183006,0,2.87057147457254,0,1
"179","CRISPLD1",0,5,0.328205825183006,0,2.87057147457254,0,1
"180","CRMP1",0,5,0.328205825183006,0,2.87057147457254,0,1
"181","CROCC",0,5,0.328205825183006,0,2.87057147457254,0,1
"182","CYP8B1",0,5,0.328205825183006,0,2.87057147457254,0,1
"183","DHX37",0,5,0.328205825183006,0,2.87057147457254,0,1
"184","DOCK7",0,5,0.328205825183006,0,2.87057147457254,0,1
"185","EFNB2",0,5,0.328205825183006,0,2.87057147457254,0,1
"186","ERC1",0,5,0.328205825183006,0,2.87057147457254,0,1
"187","ERCC2",0,5,0.328205825183006,0,2.87057147457254,0,1
"188","FAM135B",0,5,0.328205825183006,0,2.87057147457254,0,1
"189","FBXL4",0,5,0.328205825183006,0,2.87057147457254,0,1
"190","FBXO38",0,5,0.328205825183006,0,2.87057147457254,0,1
"191","FPGT-TNNI3K",0,5,0.328205825183006,0,2.87057147457254,0,1
"192","FRMPD1",0,5,0.328205825183006,0,2.87057147457254,0,1
"193","FZR1",0,5,0.328205825183006,0,2.87057147457254,0,1
"194","GALNTL6",0,5,0.328205825183006,0,2.87057147457254,0,1
"195","GFRAL",0,5,0.328205825183006,0,2.87057147457254,0,1
"196","GRM1",0,5,0.328205825183006,0,2.87057147457254,0,1
"197","HCN1",0,5,0.328205825183006,0,2.87057147457254,0,1
"198","HDAC6",0,5,0.328205825183006,0,2.87057147457254,0,1
"199","INTS7",0,5,0.328205825183006,0,2.87057147457254,0,1
"200","ITGA1",0,5,0.328205825183006,0,2.87057147457254,0,1
"201","KCNQ3",0,5,0.328205825183006,0,2.87057147457254,0,1
"202","KIAA1614",0,5,0.328205825183006,0,2.87057147457254,0,1
"203","KIAA1841",0,5,0.328205825183006,0,2.87057147457254,0,1
"204","KIDINS220",0,5,0.328205825183006,0,2.87057147457254,0,1
"205","KIF25",0,5,0.328205825183006,0,2.87057147457254,0,1
"206","LAMC2",0,5,0.328205825183006,0,2.87057147457254,0,1
"207","MAP1S",0,5,0.328205825183006,0,2.87057147457254,0,1
"208","MDN1",0,5,0.328205825183006,0,2.87057147457254,0,1
"209","MED12L",0,5,0.328205825183006,0,2.87057147457254,0,1
"210","MYO1H",0,5,0.328205825183006,0,2.87057147457254,0,1
"211","NOD2",0,5,0.328205825183006,0,2.87057147457254,0,1
"212","NUP153",0,5,0.328205825183006,0,2.87057147457254,0,1
"213","OLFML2B",0,5,0.328205825183006,0,2.87057147457254,0,1
"214","OPLAH",0,5,0.328205825183006,0,2.87057147457254,0,1
"215","P2RY1",0,5,0.328205825183006,0,2.87057147457254,0,1
"216","PCDHA6",0,5,0.328205825183006,0,2.87057147457254,0,1
"217","PCDHGA4",0,5,0.328205825183006,0,2.87057147457254,0,1
"218","PCSK5",0,5,0.328205825183006,0,2.87057147457254,0,1
"219","PDHA2",0,5,0.328205825183006,0,2.87057147457254,0,1
"220","PLB1",0,5,0.328205825183006,0,2.87057147457254,0,1
"221","PTPN3",0,5,0.328205825183006,0,2.87057147457254,0,1
"222","RCOR3",0,5,0.328205825183006,0,2.87057147457254,0,1
"223","SLC12A4",0,5,0.328205825183006,0,2.87057147457254,0,1
"224","SLC26A4",0,5,0.328205825183006,0,2.87057147457254,0,1
"225","SNAP91",0,5,0.328205825183006,0,2.87057147457254,0,1
"226","STXBP5L",0,5,0.328205825183006,0,2.87057147457254,0,1
"227","SYNPO2",0,5,0.328205825183006,0,2.87057147457254,0,1
"228","TASOR",0,5,0.328205825183006,0,2.87057147457254,0,1
"229","ULK2",0,5,0.328205825183006,0,2.87057147457254,0,1
"230","USP22",0,5,0.328205825183006,0,2.87057147457254,0,1
"231","WDR17",0,5,0.328205825183006,0,2.87057147457254,0,1
"232","XKR7",0,5,0.328205825183006,0,2.87057147457254,0,1
"233","ZNF800",0,5,0.328205825183006,0,2.87057147457254,0,1
"234","FLG",4,20,0.342680267510805,0.507217354333866,1.57016066748896,0.12280201173922,1
"235","AHNAK",5,8,0.357034170983595,1.67741817474956,5.98836969171785,0.420672036637256,1
"236","COL12A1",5,8,0.357034170983595,1.67741817474956,5.98836969171785,0.420672036637256,1
"237","DNAH1",5,8,0.357034170983595,1.67741817474956,5.98836969171785,0.420672036637256,1
"238","EPHA4",5,8,0.357034170983595,1.67741817474956,5.98836969171785,0.420672036637256,1
"239","MYCBP2",5,8,0.357034170983595,1.67741817474956,5.98836969171785,0.420672036637256,1
"240","DCHS1",2,12,0.3659452482418,0.42791559121096,1.97634575312524,0.0456953102903804,1
"241","HYDIN",2,12,0.3659452482418,0.42791559121096,1.97634575312524,0.0456953102903804,1
"242","ABCA13",5,21,0.372310113406106,0.607525929967139,1.72097684931552,0.173834922270618,1
"243","MYO3A",6,9,0.373896841997255,1.8009599949716,5.84960242515796,0.512581618433878,1
"244","SPEG",6,9,0.373896841997255,1.8009599949716,5.84960242515796,0.512581618433878,1
"245","HTT",6,10,0.393171840128807,1.61500884935207,5.06896559197419,0.46854265227736,1
"246","PREX2",6,10,0.393171840128807,1.61500884935207,5.06896559197419,0.46854265227736,1
"247","PRKDC",3,15,0.418439031885926,0.512405922863284,1.87005600775778,0.09300134858668,1
"248","DST",3,14,0.419170991047699,0.55118234135413,2.03781809046961,0.0993464597721008,1
"249","LRP1",7,12,0.427693065437898,1.57473385231752,4.498166691285,0.508708188520722,1
"250","FAT3",7,13,0.445547291217853,1.44808588400383,4.05246183382794,0.473594888123655,1
"251","PCDH15",7,13,0.445547291217853,1.44808588400383,4.05246183382794,0.473594888123655,1
"252","BRINP3",1,7,0.453634869823881,0.3704825362007,2.94473495461898,0.00812358465946847,1
"253","CDH7",1,7,0.453634869823881,0.3704825362007,2.94473495461898,0.00812358465946847,1
"254","CEP250",1,7,0.453634869823881,0.3704825362007,2.94473495461898,0.00812358465946847,1
"255","COL4A4",1,7,0.453634869823881,0.3704825362007,2.94473495461898,0.00812358465946847,1
"256","HECTD1",1,7,0.453634869823881,0.3704825362007,2.94473495461898,0.00812358465946847,1
"257","HECW2",1,7,0.453634869823881,0.3704825362007,2.94473495461898,0.00812358465946847,1
"258","HSPG2",1,7,0.453634869823881,0.3704825362007,2.94473495461898,0.00812358465946847,1
"259","IRX1",1,7,0.453634869823881,0.3704825362007,2.94473495461898,0.00812358465946847,1
"260","KCNT1",1,7,0.453634869823881,0.3704825362007,2.94473495461898,0.00812358465946847,1
"261","MAGI2",1,7,0.453634869823881,0.3704825362007,2.94473495461898,0.00812358465946847,1
"262","NOTCH4",1,7,0.453634869823881,0.3704825362007,2.94473495461898,0.00812358465946847,1
"263","PCDHA5",1,7,0.453634869823881,0.3704825362007,2.94473495461898,0.00812358465946847,1
"264","PHIP",1,7,0.453634869823881,0.3704825362007,2.94473495461898,0.00812358465946847,1
"265","PRR12",1,7,0.453634869823881,0.3704825362007,2.94473495461898,0.00812358465946847,1
"266","PTEN",1,7,0.453634869823881,0.3704825362007,2.94473495461898,0.00812358465946847,1
"267","TENM1",1,7,0.453634869823881,0.3704825362007,2.94473495461898,0.00812358465946847,1
"268","THADA",1,7,0.453634869823881,0.3704825362007,2.94473495461898,0.00812358465946847,1
"269","TLN2",1,7,0.453634869823881,0.3704825362007,2.94473495461898,0.00812358465946847,1
"270","TMEM132D",1,7,0.453634869823881,0.3704825362007,2.94473495461898,0.00812358465946847,1
"271","UBE4B",1,7,0.453634869823881,0.3704825362007,2.94473495461898,0.00812358465946847,1
"272","ZNF687",1,7,0.453634869823881,0.3704825362007,2.94473495461898,0.00812358465946847,1
"273","ADCY8",1,8,0.453719544776252,0.322960350249073,2.46240085799207,0.00719137928578082,1
"274","DOCK10",1,8,0.453719544776252,0.322960350249073,2.46240085799207,0.00719137928578082,1
"275","EPHB3",1,8,0.453719544776252,0.322960350249073,2.46240085799207,0.00719137928578082,1
"276","IGDCC4",1,8,0.453719544776252,0.322960350249073,2.46240085799207,0.00719137928578082,1
"277","IGF1R",1,8,0.453719544776252,0.322960350249073,2.46240085799207,0.00719137928578082,1
"278","MAST4",1,8,0.453719544776252,0.322960350249073,2.46240085799207,0.00719137928578082,1
"279","MYH6",1,8,0.453719544776252,0.322960350249073,2.46240085799207,0.00719137928578082,1
"280","NUP133",1,8,0.453719544776252,0.322960350249073,2.46240085799207,0.00719137928578082,1
"281","PAK5",1,8,0.453719544776252,0.322960350249073,2.46240085799207,0.00719137928578082,1
"282","PDE3A",1,8,0.453719544776252,0.322960350249073,2.46240085799207,0.00719137928578082,1
"283","SPHKAP",1,8,0.453719544776252,0.322960350249073,2.46240085799207,0.00719137928578082,1
"284","ZNF804B",1,8,0.453719544776252,0.322960350249073,2.46240085799207,0.00719137928578082,1
"285","ADGRV1",4,18,0.459801104174414,0.568174342800896,1.78712943507185,0.13626228659548,1
"286","CUBN",8,15,0.469833021423843,1.43842503459205,3.76207679160451,0.509957357745191,1
"287","USH2A",8,15,0.469833021423843,1.43842503459205,3.76207679160451,0.509957357745191,1
"288","CHL1",4,6,0.471800788865494,1.78394349295214,7.71416223932985,0.362057978125763,1
"289","CR2",4,6,0.471800788865494,1.78394349295214,7.71416223932985,0.362057978125763,1
"290","NOTCH3",4,6,0.471800788865494,1.78394349295214,7.71416223932985,0.362057978125763,1
"291","NTRK3",4,6,0.471800788865494,1.78394349295214,7.71416223932985,0.362057978125763,1
"292","PLA2G4A",4,6,0.471800788865494,1.78394349295214,7.71416223932985,0.362057978125763,1
"293","SCN1A",4,6,0.471800788865494,1.78394349295214,7.71416223932985,0.362057978125763,1
"294","SEMA3E",4,6,0.471800788865494,1.78394349295214,7.71416223932985,0.362057978125763,1
"295","SLC9C1",4,6,0.471800788865494,1.78394349295214,7.71416223932985,0.362057978125763,1
"296","SMARCA4",4,6,0.471800788865494,1.78394349295214,7.71416223932985,0.362057978125763,1
"297","TNXB",4,6,0.471800788865494,1.78394349295214,7.71416223932985,0.362057978125763,1
"298","ZFC3H1",4,6,0.471800788865494,1.78394349295214,7.71416223932985,0.362057978125763,1
"299","AXIN1",5,20,0.489398733055818,0.640516135249784,1.82746743645887,0.18245843704059,1
"300","ADCY2",4,7,0.503041797744236,1.52387522351967,6.15629367954182,0.319697252182452,1
"301","ADGRG4",4,7,0.503041797744236,1.52387522351967,6.15629367954182,0.319697252182452,1
"302","ATG2B",4,7,0.503041797744236,1.52387522351967,6.15629367954182,0.319697252182452,1
"303","CELSR2",4,7,0.503041797744236,1.52387522351967,6.15629367954182,0.319697252182452,1
"304","CELSR3",4,7,0.503041797744236,1.52387522351967,6.15629367954182,0.319697252182452,1
"305","ITPR3",4,7,0.503041797744236,1.52387522351967,6.15629367954182,0.319697252182452,1
"306","LRRK2",4,7,0.503041797744236,1.52387522351967,6.15629367954182,0.319697252182452,1
"307","UNC13C",4,7,0.503041797744236,1.52387522351967,6.15629367954182,0.319697252182452,1
"308","UNC79",4,7,0.503041797744236,1.52387522351967,6.15629367954182,0.319697252182452,1
"309","ZNF831",4,7,0.503041797744236,1.52387522351967,6.15629367954182,0.319697252182452,1
"310","CDH9",2,10,0.523202862681394,0.517486358070133,2.49329998761531,0.0541788073620049,1
"311","COL7A1",2,10,0.523202862681394,0.517486358070133,2.49329998761531,0.0541788073620049,1
"312","EVC2",2,10,0.523202862681394,0.517486358070133,2.49329998761531,0.0541788073620049,1
"313","PIK3CA",2,10,0.523202862681394,0.517486358070133,2.49329998761531,0.0541788073620049,1
"314","FMN2",2,11,0.527439432242913,0.468635866848508,2.20640262205964,0.0495936669499859,1
"315","MUC2",2,11,0.527439432242913,0.468635866848508,2.20640262205964,0.0495936669499859,1
"316","LRP2",5,9,0.5429683776363,1.48566853273898,5.0895404982122,0.380910370590566,1
"317","BIRC6",5,10,0.567224733309669,1.33219999884008,4.41534014265014,0.347821724660139,1
"318","NEB",5,10,0.567224733309669,1.33219999884008,4.41534014265014,0.347821724660139,1
"319","PKHD1",5,10,0.567224733309669,1.33219999884008,4.41534014265014,0.347821724660139,1
"320","RPS6KA3",6,11,0.577667906900521,1.46274313343036,4.4645263365603,0.431238304861212,1
"321","COL11A1",4,15,0.607698266570792,0.690007887251702,2.24077309249334,0.162517240085539,1
"322","KMT2D",4,15,0.607698266570792,0.690007887251702,2.24077309249334,0.162517240085539,1
"323","RYR1",7,15,0.627728817654851,1.24539104189303,3.37298910687075,0.41558967988655,1
"324","MUC16",14,43,0.631097815159129,0.833724083577149,1.65207420020344,0.399728851594519,1
"325","SPTA1",5,18,0.634148899270812,0.717448705893198,2.08153923168745,0.202308014225726,1
"326","XIRP2",9,20,0.667138327192854,1.20268912163551,2.88973259722817,0.463997684475136,1
"327","ABCC8",1,6,0.678626802643597,0.433814957082916,3.64710327979595,0.0093226300825471,1
"328","AC006059.2",1,6,0.678626802643597,0.433814957082916,3.64710327979595,0.0093226300825471,1
"329","ADAMTS2",1,6,0.678626802643597,0.433814957082916,3.64710327979595,0.0093226300825471,1
"330","ALK",1,6,0.678626802643597,0.433814957082916,3.64710327979595,0.0093226300825471,1
"331","AMPH",1,6,0.678626802643597,0.433814957082916,3.64710327979595,0.0093226300825471,1
"332","ANK3",1,6,0.678626802643597,0.433814957082916,3.64710327979595,0.0093226300825471,1
"333","ANKRD11",1,6,0.678626802643597,0.433814957082916,3.64710327979595,0.0093226300825471,1
"334","ARAP3",1,6,0.678626802643597,0.433814957082916,3.64710327979595,0.0093226300825471,1
"335","ATP13A1",1,6,0.678626802643597,0.433814957082916,3.64710327979595,0.0093226300825471,1
"336","CACNA1S",1,6,0.678626802643597,0.433814957082916,3.64710327979595,0.0093226300825471,1
"337","CDH1",1,6,0.678626802643597,0.433814957082916,3.64710327979595,0.0093226300825471,1
"338","CUX1",1,6,0.678626802643597,0.433814957082916,3.64710327979595,0.0093226300825471,1
"339","DENND5B",1,6,0.678626802643597,0.433814957082916,3.64710327979595,0.0093226300825471,1
"340","DSE",1,6,0.678626802643597,0.433814957082916,3.64710327979595,0.0093226300825471,1
"341","EP300",1,6,0.678626802643597,0.433814957082916,3.64710327979595,0.0093226300825471,1
"342","FBN3",1,6,0.678626802643597,0.433814957082916,3.64710327979595,0.0093226300825471,1
"343","FLNB",1,6,0.678626802643597,0.433814957082916,3.64710327979595,0.0093226300825471,1
"344","FLRT2",1,6,0.678626802643597,0.433814957082916,3.64710327979595,0.0093226300825471,1
"345","FLT4",1,6,0.678626802643597,0.433814957082916,3.64710327979595,0.0093226300825471,1
"346","GPHN",1,6,0.678626802643597,0.433814957082916,3.64710327979595,0.0093226300825471,1
"347","GRM8",1,6,0.678626802643597,0.433814957082916,3.64710327979595,0.0093226300825471,1
"348","HGF",1,6,0.678626802643597,0.433814957082916,3.64710327979595,0.0093226300825471,1
"349","IGF2R",1,6,0.678626802643597,0.433814957082916,3.64710327979595,0.0093226300825471,1
"350","INSRR",1,6,0.678626802643597,0.433814957082916,3.64710327979595,0.0093226300825471,1
"351","KIAA0586",1,6,0.678626802643597,0.433814957082916,3.64710327979595,0.0093226300825471,1
"352","KMT2E",1,6,0.678626802643597,0.433814957082916,3.64710327979595,0.0093226300825471,1
"353","LRP4",1,6,0.678626802643597,0.433814957082916,3.64710327979595,0.0093226300825471,1
"354","LY75",1,6,0.678626802643597,0.433814957082916,3.64710327979595,0.0093226300825471,1
"355","MACC1",1,6,0.678626802643597,0.433814957082916,3.64710327979595,0.0093226300825471,1
"356","MAGEL2",1,6,0.678626802643597,0.433814957082916,3.64710327979595,0.0093226300825471,1
"357","MAP3K4",1,6,0.678626802643597,0.433814957082916,3.64710327979595,0.0093226300825471,1
"358","MED13",1,6,0.678626802643597,0.433814957082916,3.64710327979595,0.0093226300825471,1
"359","MISP",1,6,0.678626802643597,0.433814957082916,3.64710327979595,0.0093226300825471,1
"360","MRC1",1,6,0.678626802643597,0.433814957082916,3.64710327979595,0.0093226300825471,1
"361","MYH2",1,6,0.678626802643597,0.433814957082916,3.64710327979595,0.0093226300825471,1
"362","NLRP3",1,6,0.678626802643597,0.433814957082916,3.64710327979595,0.0093226300825471,1
"363","NRXN1",1,6,0.678626802643597,0.433814957082916,3.64710327979595,0.0093226300825471,1
"364","NTRK2",1,6,0.678626802643597,0.433814957082916,3.64710327979595,0.0093226300825471,1
"365","OR2J3",1,6,0.678626802643597,0.433814957082916,3.64710327979595,0.0093226300825471,1
"366","PBRM1",1,6,0.678626802643597,0.433814957082916,3.64710327979595,0.0093226300825471,1
"367","PDE1C",1,6,0.678626802643597,0.433814957082916,3.64710327979595,0.0093226300825471,1
"368","PDE6B",1,6,0.678626802643597,0.433814957082916,3.64710327979595,0.0093226300825471,1
"369","PLCB4",1,6,0.678626802643597,0.433814957082916,3.64710327979595,0.0093226300825471,1
"370","PPP1R3A",1,6,0.678626802643597,0.433814957082916,3.64710327979595,0.0093226300825471,1
"371","PRKG1",1,6,0.678626802643597,0.433814957082916,3.64710327979595,0.0093226300825471,1
"372","RNF123",1,6,0.678626802643597,0.433814957082916,3.64710327979595,0.0093226300825471,1
"373","RUNX1T1",1,6,0.678626802643597,0.433814957082916,3.64710327979595,0.0093226300825471,1
"374","SALL1",1,6,0.678626802643597,0.433814957082916,3.64710327979595,0.0093226300825471,1
"375","SLCO5A1",1,6,0.678626802643597,0.433814957082916,3.64710327979595,0.0093226300825471,1
"376","STK32B",1,6,0.678626802643597,0.433814957082916,3.64710327979595,0.0093226300825471,1
"377","TPTE",1,6,0.678626802643597,0.433814957082916,3.64710327979595,0.0093226300825471,1
"378","ACACB",3,5,0.689369937225712,1.59559779298388,8.38356861337613,0.243103786669825,1
"379","ARFGEF3",3,5,0.689369937225712,1.59559779298388,8.38356861337613,0.243103786669825,1
"380","CACNA1B",3,5,0.689369937225712,1.59559779298388,8.38356861337613,0.243103786669825,1
"381","CCDC178",3,5,0.689369937225712,1.59559779298388,8.38356861337613,0.243103786669825,1
"382","CENPE",3,5,0.689369937225712,1.59559779298388,8.38356861337613,0.243103786669825,1
"383","CENPF",3,5,0.689369937225712,1.59559779298388,8.38356861337613,0.243103786669825,1
"384","CNTN1",3,5,0.689369937225712,1.59559779298388,8.38356861337613,0.243103786669825,1
"385","COL11A2",3,5,0.689369937225712,1.59559779298388,8.38356861337613,0.243103786669825,1
"386","COL15A1",3,5,0.689369937225712,1.59559779298388,8.38356861337613,0.243103786669825,1
"387","CPAMD8",3,5,0.689369937225712,1.59559779298388,8.38356861337613,0.243103786669825,1
"388","CPS1",3,5,0.689369937225712,1.59559779298388,8.38356861337613,0.243103786669825,1
"389","EIF2AK4",3,5,0.689369937225712,1.59559779298388,8.38356861337613,0.243103786669825,1
"390","FYCO1",3,5,0.689369937225712,1.59559779298388,8.38356861337613,0.243103786669825,1
"391","IGSF9B",3,5,0.689369937225712,1.59559779298388,8.38356861337613,0.243103786669825,1
"392","KCNB2",3,5,0.689369937225712,1.59559779298388,8.38356861337613,0.243103786669825,1
"393","MAP2",3,5,0.689369937225712,1.59559779298388,8.38356861337613,0.243103786669825,1
"394","NCOA3",3,5,0.689369937225712,1.59559779298388,8.38356861337613,0.243103786669825,1
"395","PCDHGA5",3,5,0.689369937225712,1.59559779298388,8.38356861337613,0.243103786669825,1
"396","SAMD9",3,5,0.689369937225712,1.59559779298388,8.38356861337613,0.243103786669825,1
"397","TENM4",3,5,0.689369937225712,1.59559779298388,8.38356861337613,0.243103786669825,1
"398","TLR8",3,5,0.689369937225712,1.59559779298388,8.38356861337613,0.243103786669825,1
"399","VPS13A",3,5,0.689369937225712,1.59559779298388,8.38356861337613,0.243103786669825,1
"400","VPS13B",3,5,0.689369937225712,1.59559779298388,8.38356861337613,0.243103786669825,1
"401","AFF2",3,6,0.710792700175663,1.32520864726302,6.35439563591225,0.210273421142624,1
"402","ANK1",3,6,0.710792700175663,1.32520864726302,6.35439563591225,0.210273421142624,1
"403","ANKHD1-EIF4EBP3",3,6,0.710792700175663,1.32520864726302,6.35439563591225,0.210273421142624,1
"404","BPTF",3,6,0.710792700175663,1.32520864726302,6.35439563591225,0.210273421142624,1
"405","CEP350",3,6,0.710792700175663,1.32520864726302,6.35439563591225,0.210273421142624,1
"406","CFAP61",3,6,0.710792700175663,1.32520864726302,6.35439563591225,0.210273421142624,1
"407","CTTNBP2",3,6,0.710792700175663,1.32520864726302,6.35439563591225,0.210273421142624,1
"408","DMBT1",3,6,0.710792700175663,1.32520864726302,6.35439563591225,0.210273421142624,1
"409","DSCAML1",3,6,0.710792700175663,1.32520864726302,6.35439563591225,0.210273421142624,1
"410","EEF1A1",3,6,0.710792700175663,1.32520864726302,6.35439563591225,0.210273421142624,1
"411","FSIP2",3,6,0.710792700175663,1.32520864726302,6.35439563591225,0.210273421142624,1
"412","IRS4",3,6,0.710792700175663,1.32520864726302,6.35439563591225,0.210273421142624,1
"413","KANK1",3,6,0.710792700175663,1.32520864726302,6.35439563591225,0.210273421142624,1
"414","LAMA3",3,6,0.710792700175663,1.32520864726302,6.35439563591225,0.210273421142624,1
"415","MGA",3,6,0.710792700175663,1.32520864726302,6.35439563591225,0.210273421142624,1
"416","MXRA5",3,6,0.710792700175663,1.32520864726302,6.35439563591225,0.210273421142624,1
"417","MYO6",3,6,0.710792700175663,1.32520864726302,6.35439563591225,0.210273421142624,1
"418","NPAS3",3,6,0.710792700175663,1.32520864726302,6.35439563591225,0.210273421142624,1
"419","SPEN",3,6,0.710792700175663,1.32520864726302,6.35439563591225,0.210273421142624,1
"420","TRPM6",3,6,0.710792700175663,1.32520864726302,6.35439563591225,0.210273421142624,1
"421","PCLO",10,31,0.71291008154425,0.832543016340932,1.83397659059672,0.348874583948621,1
"422","ATP8A2",2,8,0.733295861833464,0.651732473299969,3.34707970136372,0.0662874571677512,1
"423","CAND1",2,8,0.733295861833464,0.651732473299969,3.34707970136372,0.0662874571677512,1
"424","CDH18",2,8,0.733295861833464,0.651732473299969,3.34707970136372,0.0662874571677512,1
"425","CHD9",2,8,0.733295861833464,0.651732473299969,3.34707970136372,0.0662874571677512,1
"426","DOCK8",2,8,0.733295861833464,0.651732473299969,3.34707970136372,0.0662874571677512,1
"427","DSCAM",2,8,0.733295861833464,0.651732473299969,3.34707970136372,0.0662874571677512,1
"428","EPB41L3",2,8,0.733295861833464,0.651732473299969,3.34707970136372,0.0662874571677512,1
"429","ERBB4",2,8,0.733295861833464,0.651732473299969,3.34707970136372,0.0662874571677512,1
"430","GLI3",2,8,0.733295861833464,0.651732473299969,3.34707970136372,0.0662874571677512,1
"431","GRIA1",2,8,0.733295861833464,0.651732473299969,3.34707970136372,0.0662874571677512,1
"432","ICE1",2,8,0.733295861833464,0.651732473299969,3.34707970136372,0.0662874571677512,1
"433","KNDC1",2,8,0.733295861833464,0.651732473299969,3.34707970136372,0.0662874571677512,1
"434","LAMA2",2,8,0.733295861833464,0.651732473299969,3.34707970136372,0.0662874571677512,1
"435","LRRC7",2,8,0.733295861833464,0.651732473299969,3.34707970136372,0.0662874571677512,1
"436","MKI67",2,8,0.733295861833464,0.651732473299969,3.34707970136372,0.0662874571677512,1
"437","MYO9B",2,8,0.733295861833464,0.651732473299969,3.34707970136372,0.0662874571677512,1
"438","PCNT",2,8,0.733295861833464,0.651732473299969,3.34707970136372,0.0662874571677512,1
"439","RP1L1",2,8,0.733295861833464,0.651732473299969,3.34707970136372,0.0662874571677512,1
"440","TCF20",2,8,0.733295861833464,0.651732473299969,3.34707970136372,0.0662874571677512,1
"441","ZNF638",2,8,0.733295861833464,0.651732473299969,3.34707970136372,0.0662874571677512,1
"442","BRD7",2,9,0.733970330390966,0.577172395744562,2.86069001665296,0.0596396969521421,1
"443","CNGA3",2,9,0.733970330390966,0.577172395744562,2.86069001665296,0.0596396969521421,1
"444","COL16A1",2,9,0.733970330390966,0.577172395744562,2.86069001665296,0.0596396969521421,1
"445","FGA",2,9,0.733970330390966,0.577172395744562,2.86069001665296,0.0596396969521421,1
"446","GCN1",2,9,0.733970330390966,0.577172395744562,2.86069001665296,0.0596396969521421,1
"447","NF1",2,9,0.733970330390966,0.577172395744562,2.86069001665296,0.0596396969521421,1
"448","PTPRB",2,9,0.733970330390966,0.577172395744562,2.86069001665296,0.0596396969521421,1
"449","RELN",2,9,0.733970330390966,0.577172395744562,2.86069001665296,0.0596396969521421,1
"450","TRPA1",2,9,0.733970330390966,0.577172395744562,2.86069001665296,0.0596396969521421,1
"451","ZNF208",2,9,0.733970330390966,0.577172395744562,2.86069001665296,0.0596396969521421,1
"452","ZNF536",2,9,0.733970330390966,0.577172395744562,2.86069001665296,0.0596396969521421,1
"453","ATM",4,8,0.742966502793204,1.3286671201212,5.10030792303825,0.285991287785204,1
"454","FCGBP",4,8,0.742966502793204,1.3286671201212,5.10030792303825,0.285991287785204,1
"455","MYH4",4,8,0.742966502793204,1.3286671201212,5.10030792303825,0.285991287785204,1
"456","MYH7",4,8,0.742966502793204,1.3286671201212,5.10030792303825,0.285991287785204,1
"457","MYO18B",4,8,0.742966502793204,1.3286671201212,5.10030792303825,0.285991287785204,1
"458","SVEP1",4,8,0.742966502793204,1.3286671201212,5.10030792303825,0.285991287785204,1
"459","GLI2",4,9,0.758134467890001,1.17672017012308,4.34132096734652,0.2585614315495,1
"460","HECTD4",4,9,0.758134467890001,1.17672017012308,4.34132096734652,0.2585614315495,1
"461","KIF26B",4,9,0.758134467890001,1.17672017012308,4.34132096734652,0.2585614315495,1
"462","NPAP1",4,9,0.758134467890001,1.17672017012308,4.34132096734652,0.2585614315495,1
"463","RP1",4,9,0.758134467890001,1.17672017012308,4.34132096734652,0.2585614315495,1
"464","SPTBN1",4,9,0.758134467890001,1.17672017012308,4.34132096734652,0.2585614315495,1
"465","SYNE2",4,9,0.758134467890001,1.17672017012308,4.34132096734652,0.2585614315495,1
"466","DNAH2",3,11,0.765538514791327,0.709695691704283,2.76674904617489,0.124449672457442,1
"467","LRRIQ1",3,11,0.765538514791327,0.709695691704283,2.76674904617489,0.124449672457442,1
"468","PXDNL",3,11,0.765538514791327,0.709695691704283,2.76674904617489,0.124449672457442,1
"469","ABCA12",3,12,0.76815610713018,0.648074067790705,2.47481976809718,0.114879368966956,1
"470","DNAH9",3,12,0.76815610713018,0.648074067790705,2.47481976809718,0.114879368966956,1
"471","COL6A6",5,11,0.776088205126703,1.20653258172115,3.8919812388036,0.319839896638344,1
"472","FAT4",5,11,0.776088205126703,1.20653258172115,3.8919812388036,0.319839896638344,1
"473","FBN2",5,11,0.776088205126703,1.20653258172115,3.8919812388036,0.319839896638344,1
"474","FRAS1",5,11,0.776088205126703,1.20653258172115,3.8919812388036,0.319839896638344,1
"475","DNAH8",5,12,0.788144994081419,1.10183697745714,3.47451054234492,0.295847152263103,1
"476","MUC17",5,12,0.788144994081419,1.10183697745714,3.47451054234492,0.295847152263103,1
"477","MUC5B",5,12,0.788144994081419,1.10183697745714,3.47451054234492,0.295847152263103,1
"478","AHNAK2",4,14,0.788519958693665,0.742251981387027,2.44348840806133,0.173485790919752,1
"479","FASN",6,13,0.791961201969359,1.22840075279827,3.59007084129539,0.37144905435269,1
"480","PKHD1L1",6,13,0.791961201969359,1.22840075279827,3.59007084129539,0.37144905435269,1
"481","RYR3",6,13,0.791961201969359,1.22840075279827,3.59007084129539,0.37144905435269,1
"482","OBSCN",8,19,0.823765603951646,1.11776145369622,2.79073372532231,0.408254935240439,1
"483","RYR2",9,21,0.831039495732187,1.14080390725231,2.71864440782218,0.442527803805914,1
"484","ABCB1",2,5,1,1.05401225191397,6.57051554506207,0.0987806465649157,1
"485","AL645922.1",2,5,1,1.05401225191397,6.57051554506207,0.0987806465649157,1
"486","ARID5B",2,5,1,1.05401225191397,6.57051554506207,0.0987806465649157,1
"487","ATAD2",2,5,1,1.05401225191397,6.57051554506207,0.0987806465649157,1
"488","BCL11A",2,5,1,1.05401225191397,6.57051554506207,0.0987806465649157,1
"489","BRINP2",2,5,1,1.05401225191397,6.57051554506207,0.0987806465649157,1
"490","CDHR2",2,5,1,1.05401225191397,6.57051554506207,0.0987806465649157,1
"491","CLSTN2",2,5,1,1.05401225191397,6.57051554506207,0.0987806465649157,1
"492","COL9A1",2,5,1,1.05401225191397,6.57051554506207,0.0987806465649157,1
"493","DDX60L",2,5,1,1.05401225191397,6.57051554506207,0.0987806465649157,1
"494","DENND4A",2,5,1,1.05401225191397,6.57051554506207,0.0987806465649157,1
"495","EPG5",2,5,1,1.05401225191397,6.57051554506207,0.0987806465649157,1
"496","EPHA3",2,5,1,1.05401225191397,6.57051554506207,0.0987806465649157,1
"497","EVPL",2,5,1,1.05401225191397,6.57051554506207,0.0987806465649157,1
"498","EYS",2,5,1,1.05401225191397,6.57051554506207,0.0987806465649157,1
"499","FBN1",4,12,1,0.87266949719614,2.97279008343553,0.200116828248999,1
"500","FILIP1",2,5,1,1.05401225191397,6.57051554506207,0.0987806465649157,1
"501","FMN1",2,5,1,1.05401225191397,6.57051554506207,0.0987806465649157,1
"502","GOLGB1",2,5,1,1.05401225191397,6.57051554506207,0.0987806465649157,1
"503","GPR179",2,5,1,1.05401225191397,6.57051554506207,0.0987806465649157,1
"504","H1-2",2,5,1,1.05401225191397,6.57051554506207,0.0987806465649157,1
"505","HIPK3",2,5,1,1.05401225191397,6.57051554506207,0.0987806465649157,1
"506","HK3",2,5,1,1.05401225191397,6.57051554506207,0.0987806465649157,1
"507","IDH1",2,5,1,1.05401225191397,6.57051554506207,0.0987806465649157,1
"508","IGDCC3",2,5,1,1.05401225191397,6.57051554506207,0.0987806465649157,1
"509","KANSL1",2,5,1,1.05401225191397,6.57051554506207,0.0987806465649157,1
"510","KDR",2,5,1,1.05401225191397,6.57051554506207,0.0987806465649157,1
"511","KEAP1",4,12,1,0.87266949719614,2.97279008343553,0.200116828248999,1
"512","KIF14",2,5,1,1.05401225191397,6.57051554506207,0.0987806465649157,1
"513","KMT2B",4,12,1,0.87266949719614,2.97279008343553,0.200116828248999,1
"514","KNTC1",2,5,1,1.05401225191397,6.57051554506207,0.0987806465649157,1
"515","LAMB2",2,5,1,1.05401225191397,6.57051554506207,0.0987806465649157,1
"516","LRFN5",2,5,1,1.05401225191397,6.57051554506207,0.0987806465649157,1
"517","LTBP4",2,5,1,1.05401225191397,6.57051554506207,0.0987806465649157,1
"518","MGAM",2,5,1,1.05401225191397,6.57051554506207,0.0987806465649157,1
"519","MTOR",2,5,1,1.05401225191397,6.57051554506207,0.0987806465649157,1
"520","MYH14",2,5,1,1.05401225191397,6.57051554506207,0.0987806465649157,1
"521","MYOCD",2,5,1,1.05401225191397,6.57051554506207,0.0987806465649157,1
"522","MYOM1",2,5,1,1.05401225191397,6.57051554506207,0.0987806465649157,1
"523","MYT1L",4,13,1,0.802451505245315,2.68372051284935,0.185900109593519,1
"524","NCOA6",2,5,1,1.05401225191397,6.57051554506207,0.0987806465649157,1
"525","NCOR1",2,5,1,1.05401225191397,6.57051554506207,0.0987806465649157,1
"526","NFASC",2,5,1,1.05401225191397,6.57051554506207,0.0987806465649157,1
"527","NOTCH2",2,5,1,1.05401225191397,6.57051554506207,0.0987806465649157,1
"528","PCDH10",2,5,1,1.05401225191397,6.57051554506207,0.0987806465649157,1
"529","PCDHA8",2,5,1,1.05401225191397,6.57051554506207,0.0987806465649157,1
"530","PCDHGA10",2,5,1,1.05401225191397,6.57051554506207,0.0987806465649157,1
"531","PDGFRA",2,5,1,1.05401225191397,6.57051554506207,0.0987806465649157,1
"532","PKD1",2,5,1,1.05401225191397,6.57051554506207,0.0987806465649157,1
"533","PKD1L1",2,5,1,1.05401225191397,6.57051554506207,0.0987806465649157,1
"534","PLEKHM1",2,5,1,1.05401225191397,6.57051554506207,0.0987806465649157,1
"535","PSD2",2,5,1,1.05401225191397,6.57051554506207,0.0987806465649157,1
"536","PTPN14",2,5,1,1.05401225191397,6.57051554506207,0.0987806465649157,1
"537","PTPRC",2,5,1,1.05401225191397,6.57051554506207,0.0987806465649157,1
"538","PTPRM",2,5,1,1.05401225191397,6.57051554506207,0.0987806465649157,1
"539","PXDN",2,5,1,1.05401225191397,6.57051554506207,0.0987806465649157,1
"540","RECQL4",2,5,1,1.05401225191397,6.57051554506207,0.0987806465649157,1
"541","RESF1",2,5,1,1.05401225191397,6.57051554506207,0.0987806465649157,1
"542","RGS7",2,5,1,1.05401225191397,6.57051554506207,0.0987806465649157,1
"543","SCN9A",2,5,1,1.05401225191397,6.57051554506207,0.0987806465649157,1
"544","SLC26A7",2,5,1,1.05401225191397,6.57051554506207,0.0987806465649157,1
"545","SLC6A15",2,5,1,1.05401225191397,6.57051554506207,0.0987806465649157,1
"546","SPECC1",2,5,1,1.05401225191397,6.57051554506207,0.0987806465649157,1
"547","SPTBN5",2,5,1,1.05401225191397,6.57051554506207,0.0987806465649157,1
"548","STAB2",2,5,1,1.05401225191397,6.57051554506207,0.0987806465649157,1
"549","TCHH",2,5,1,1.05401225191397,6.57051554506207,0.0987806465649157,1
"550","TEP1",2,5,1,1.05401225191397,6.57051554506207,0.0987806465649157,1
"551","TMEM132E",2,5,1,1.05401225191397,6.57051554506207,0.0987806465649157,1
"552","TOGARAM2",2,5,1,1.05401225191397,6.57051554506207,0.0987806465649157,1
"553","USP19",2,5,1,1.05401225191397,6.57051554506207,0.0987806465649157,1
"554","VWF",2,5,1,1.05401225191397,6.57051554506207,0.0987806465649157,1
"555","XPO6",2,5,1,1.05401225191397,6.57051554506207,0.0987806465649157,1
"556","ZNF318",2,5,1,1.05401225191397,6.57051554506207,0.0987806465649157,1
"557","ZNF462",2,5,1,1.05401225191397,6.57051554506207,0.0987806465649157,1
"558","AASDH",1,5,1,0.522460760013978,4.75462544169004,0.0109222178873759,1
"559","ABCA1",2,6,1,0.875321626527428,5.00397204706356,0.0849989334984206,1
"560","ABCA3",1,5,1,0.522460760013978,4.75462544169004,0.0109222178873759,1
"561","ABCA4",3,8,1,0.986874717765932,4.22221742151041,0.165193439815312,1
"562","ABCA7",1,5,1,0.522460760013978,4.75462544169004,0.0109222178873759,1
"563","ABCB5",3,8,1,0.986874717765932,4.22221742151041,0.165193439815312,1
"564","ACVR2A",3,9,1,0.874009496861354,3.60013198234858,0.149034567665,1
"565","ADAM12",3,7,1,1.13191198759171,5.08468719148781,0.185107668634538,1
"566","ADAMTS12",2,6,1,0.875321626527428,5.00397204706356,0.0849989334984206,1
"567","ADAMTS7",1,5,1,0.522460760013978,4.75462544169004,0.0109222178873759,1
"568","ADGRB1",1,5,1,0.522460760013978,4.75462544169004,0.0109222178873759,1
"569","ADGRL4",3,7,1,1.13191198759171,5.08468719148781,0.185107668634538,1
"570","AFF1",1,5,1,0.522460760013978,4.75462544169004,0.0109222178873759,1
"571","AHCTF1",3,7,1,1.13191198759171,5.08468719148781,0.185107668634538,1
"572","AHDC1",1,5,1,0.522460760013978,4.75462544169004,0.0109222178873759,1
"573","AKAP11",1,5,1,0.522460760013978,4.75462544169004,0.0109222178873759,1
"574","AKAP6",2,7,1,0.747616030019327,4.01931739094289,0.0745234507745827,1
"575","AKNA",1,5,1,0.522460760013978,4.75462544169004,0.0109222178873759,1
"576","ALB",12,32,1,0.985505336450384,2.07597026608576,0.441084732162113,1
"577","ANK2",3,7,1,1.13191198759171,5.08468719148781,0.185107668634538,1
"578","ANKRD12",4,10,1,1.05516129966868,3.77052231928461,0.235776294351188,1
"579","AOX1",2,6,1,0.875321626527428,5.00397204706356,0.0849989334984206,1
"580","APC",3,10,1,0.783682403536235,3.13177813312122,0.135715351719304,1
"581","ARHGAP22",1,5,1,0.522460760013978,4.75462544169004,0.0109222178873759,1
"582","ARHGAP31",2,6,1,0.875321626527428,5.00397204706356,0.0849989334984206,1
"583","ARHGEF15",1,5,1,0.522460760013978,4.75462544169004,0.0109222178873759,1
"584","ARID1B",2,7,1,0.747616030019327,4.01931739094289,0.0745234507745827,1
"585","ASH1L",2,6,1,0.875321626527428,5.00397204706356,0.0849989334984206,1
"586","ASTL",1,5,1,0.522460760013978,4.75462544169004,0.0109222178873759,1
"587","ASTN1",2,6,1,0.875321626527428,5.00397204706356,0.0849989334984206,1
"588","ATAD2B",1,5,1,0.522460760013978,4.75462544169004,0.0109222178873759,1
"589","ATP2B2",2,6,1,0.875321626527428,5.00397204706356,0.0849989334984206,1
"590","ATP8A1",2,6,1,0.875321626527428,5.00397204706356,0.0849989334984206,1
"591","ATRNL1",2,7,1,0.747616030019327,4.01931739094289,0.0745234507745827,1
"592","ATRX",1,5,1,0.522460760013978,4.75462544169004,0.0109222178873759,1
"593","AXIN2",1,5,1,0.522460760013978,4.75462544169004,0.0109222178873759,1
"594","BAP1",5,13,1,1.01319680075128,3.13424124916538,0.275058508843498,1
"595","BAZ2B",2,7,1,0.747616030019327,4.01931739094289,0.0745234507745827,1
"596","BTAF1",1,5,1,0.522460760013978,4.75462544169004,0.0109222178873759,1
"597","C3",3,8,1,0.986874717765932,4.22221742151041,0.165193439815312,1
"598","CACNA1A",2,6,1,0.875321626527428,5.00397204706356,0.0849989334984206,1
"599","CACNA1E",7,18,1,1.02556854473294,2.68014200634563,0.350032042403556,1
"600","CACNA1H",2,6,1,0.875321626527428,5.00397204706356,0.0849989334984206,1
"601","CACNA2D1",3,7,1,1.13191198759171,5.08468719148781,0.185107668634538,1
"602","CAMTA1",1,5,1,0.522460760013978,4.75462544169004,0.0109222178873759,1
"603","CARD11",3,7,1,1.13191198759171,5.08468719148781,0.185107668634538,1
"604","CCDC80",2,6,1,0.875321626527428,5.00397204706356,0.0849989334984206,1
"605","CDKN1A",1,5,1,0.522460760013978,4.75462544169004,0.0109222178873759,1
"606","CEMIP",1,5,1,0.522460760013978,4.75462544169004,0.0109222178873759,1
"607","CEP290",2,7,1,0.747616030019327,4.01931739094289,0.0745234507745827,1
"608","CFAP47",2,6,1,0.875321626527428,5.00397204706356,0.0849989334984206,1
"609","CHD5",2,6,1,0.875321626527428,5.00397204706356,0.0849989334984206,1
"610","CILP2",1,5,1,0.522460760013978,4.75462544169004,0.0109222178873759,1
"611","CISH",1,5,1,0.522460760013978,4.75462544169004,0.0109222178873759,1
"612","CLCA1",1,5,1,0.522460760013978,4.75462544169004,0.0109222178873759,1
"613","CLTC",2,6,1,0.875321626527428,5.00397204706356,0.0849989334984206,1
"614","CNOT1",1,5,1,0.522460760013978,4.75462544169004,0.0109222178873759,1
"615","CNTLN",2,6,1,0.875321626527428,5.00397204706356,0.0849989334984206,1
"616","CNTN2",1,5,1,0.522460760013978,4.75462544169004,0.0109222178873759,1
"617","CNTN5",2,6,1,0.875321626527428,5.00397204706356,0.0849989334984206,1
"618","COL18A1",2,7,1,0.747616030019327,4.01931739094289,0.0745234507745827,1
"619","COL22A1",2,7,1,0.747616030019327,4.01931739094289,0.0745234507745827,1
"620","COL27A1",2,6,1,0.875321626527428,5.00397204706356,0.0849989334984206,1
"621","COL2A1",1,5,1,0.522460760013978,4.75462544169004,0.0109222178873759,1
"622","COL5A1",3,10,1,0.783682403536235,3.13177813312122,0.135715351719304,1
"623","COL6A3",3,10,1,0.783682403536235,3.13177813312122,0.135715351719304,1
"624","COP1",1,5,1,0.522460760013978,4.75462544169004,0.0109222178873759,1
"625","CSDE1",1,5,1,0.522460760013978,4.75462544169004,0.0109222178873759,1
"626","CSMD2",3,8,1,0.986874717765932,4.22221742151041,0.165193439815312,1
"627","CTNNA2",3,7,1,1.13191198759171,5.08468719148781,0.185107668634538,1
"628","CUL9",3,7,1,1.13191198759171,5.08468719148781,0.185107668634538,1
"629","DAZAP1",1,5,1,0.522460760013978,4.75462544169004,0.0109222178873759,1
"630","DCAF6",1,5,1,0.522460760013978,4.75462544169004,0.0109222178873759,1
"631","DCDC1",3,7,1,1.13191198759171,5.08468719148781,0.185107668634538,1
"632","DDX50",1,5,1,0.522460760013978,4.75462544169004,0.0109222178873759,1
"633","DENND3",1,5,1,0.522460760013978,4.75462544169004,0.0109222178873759,1
"634","DICER1",1,5,1,0.522460760013978,4.75462544169004,0.0109222178873759,1
"635","DISC1",1,5,1,0.522460760013978,4.75462544169004,0.0109222178873759,1
"636","DISP3",1,5,1,0.522460760013978,4.75462544169004,0.0109222178873759,1
"637","DLEC1",1,5,1,0.522460760013978,4.75462544169004,0.0109222178873759,1
"638","DMD",5,15,1,0.871300734605139,2.613719217502,0.240813169412137,1
"639","DNAH5",5,13,1,1.01319680075128,3.13424124916538,0.275058508843498,1
"640","DPP10",1,5,1,0.522460760013978,4.75462544169004,0.0109222178873759,1
"641","DSP",1,5,1,0.522460760013978,4.75462544169004,0.0109222178873759,1
"642","DZIP3",2,6,1,0.875321626527428,5.00397204706356,0.0849989334984206,1
"643","EPPK1",2,7,1,0.747616030019327,4.01931739094289,0.0745234507745827,1
"644","ERCC4",1,5,1,0.522460760013978,4.75462544169004,0.0109222178873759,1
"645","FAM171B",1,5,1,0.522460760013978,4.75462544169004,0.0109222178873759,1
"646","FANCM",3,7,1,1.13191198759171,5.08468719148781,0.185107668634538,1
"647","FAT1",2,7,1,0.747616030019327,4.01931739094289,0.0745234507745827,1
"648","FHOD3",2,6,1,0.875321626527428,5.00397204706356,0.0849989334984206,1
"649","FNDC1",2,7,1,0.747616030019327,4.01931739094289,0.0745234507745827,1
"650","FOCAD",1,5,1,0.522460760013978,4.75462544169004,0.0109222178873759,1
"651","FREM1",1,5,1,0.522460760013978,4.75462544169004,0.0109222178873759,1
"652","FRMPD4",1,5,1,0.522460760013978,4.75462544169004,0.0109222178873759,1
"653","FURIN",1,5,1,0.522460760013978,4.75462544169004,0.0109222178873759,1
"654","GABBR1",1,5,1,0.522460760013978,4.75462544169004,0.0109222178873759,1
"655","GABRG1",2,7,1,0.747616030019327,4.01931739094289,0.0745234507745827,1
"656","GBP2",1,5,1,0.522460760013978,4.75462544169004,0.0109222178873759,1
"657","GPR149",1,5,1,0.522460760013978,4.75462544169004,0.0109222178873759,1
"658","GPR63",1,5,1,0.522460760013978,4.75462544169004,0.0109222178873759,1
"659","GRIA3",1,5,1,0.522460760013978,4.75462544169004,0.0109222178873759,1
"660","GRM3",1,5,1,0.522460760013978,4.75462544169004,0.0109222178873759,1
"661","GRM7",1,5,1,0.522460760013978,4.75462544169004,0.0109222178873759,1
"662","GRXCR1",2,6,1,0.875321626527428,5.00397204706356,0.0849989334984206,1
"663","HEATR5B",1,5,1,0.522460760013978,4.75462544169004,0.0109222178873759,1
"664","HELZ",2,7,1,0.747616030019327,4.01931739094289,0.0745234507745827,1
"665","HMCN1",6,18,1,0.869902278041764,2.37883407953017,0.273911243649944,1
"666","IGSF3",2,6,1,0.875321626527428,5.00397204706356,0.0849989334984206,1
"667","IL6ST",3,7,1,1.13191198759171,5.08468719148781,0.185107668634538,1
"668","INO80",1,5,1,0.522460760013978,4.75462544169004,0.0109222178873759,1
"669","IPO7",2,6,1,0.875321626527428,5.00397204706356,0.0849989334984206,1
"670","IRX4",2,6,1,0.875321626527428,5.00397204706356,0.0849989334984206,1
"671","ITGAD",1,5,1,0.522460760013978,4.75462544169004,0.0109222178873759,1
"672","ITPR1",3,8,1,0.986874717765932,4.22221742151041,0.165193439815312,1
"673","JAK1",2,7,1,0.747616030019327,4.01931739094289,0.0745234507745827,1
"674","JMJD1C",1,5,1,0.522460760013978,4.75462544169004,0.0109222178873759,1
"675","KCNA5",2,6,1,0.875321626527428,5.00397204706356,0.0849989334984206,1
"676","KIAA1217",3,7,1,1.13191198759171,5.08468719148781,0.185107668634538,1
"677","KIAA1522",1,5,1,0.522460760013978,4.75462544169004,0.0109222178873759,1
"678","KIAA1549",1,5,1,0.522460760013978,4.75462544169004,0.0109222178873759,1
"679","KIT",3,8,1,0.986874717765932,4.22221742151041,0.165193439815312,1
"680","LAMA5",3,9,1,0.874009496861354,3.60013198234858,0.149034567665,1
"681","LRBA",1,5,1,0.522460760013978,4.75462544169004,0.0109222178873759,1
"682","LRRC4C",1,5,1,0.522460760013978,4.75462544169004,0.0109222178873759,1
"683","LRRK1",2,7,1,0.747616030019327,4.01931739094289,0.0745234507745827,1
"684","MAB21L1",1,5,1,0.522460760013978,4.75462544169004,0.0109222178873759,1
"685","MACF1",3,9,1,0.874009496861354,3.60013198234858,0.149034567665,1
"686","MAGEB6B",1,5,1,0.522460760013978,4.75462544169004,0.0109222178873759,1
"687","MAN2A1",3,7,1,1.13191198759171,5.08468719148781,0.185107668634538,1
"688","MAP1B",3,7,1,1.13191198759171,5.08468719148781,0.185107668634538,1
"689","MECOM",2,6,1,0.875321626527428,5.00397204706356,0.0849989334984206,1
"690","MED13L",2,6,1,0.875321626527428,5.00397204706356,0.0849989334984206,1
"691","MICAL3",1,5,1,0.522460760013978,4.75462544169004,0.0109222178873759,1
"692","MLH3",1,5,1,0.522460760013978,4.75462544169004,0.0109222178873759,1
"693","MROH5",1,5,1,0.522460760013978,4.75462544169004,0.0109222178873759,1
"694","MYH1",3,7,1,1.13191198759171,5.08468719148781,0.185107668634538,1
"695","MYH15",3,8,1,0.986874717765932,4.22221742151041,0.165193439815312,1
"696","MYO10",3,7,1,1.13191198759171,5.08468719148781,0.185107668634538,1
"697","MYO7A",2,6,1,0.875321626527428,5.00397204706356,0.0849989334984206,1
"698","MYT1",1,5,1,0.522460760013978,4.75462544169004,0.0109222178873759,1
"699","NBR1",1,5,1,0.522460760013978,4.75462544169004,0.0109222178873759,1
"700","NCOR2",3,7,1,1.13191198759171,5.08468719148781,0.185107668634538,1
"701","NFATC4",1,5,1,0.522460760013978,4.75462544169004,0.0109222178873759,1
"702","NLGN1",3,8,1,0.986874717765932,4.22221742151041,0.165193439815312,1
"703","NLGN4X",3,8,1,0.986874717765932,4.22221742151041,0.165193439815312,1
"704","NLRP2",2,6,1,0.875321626527428,5.00397204706356,0.0849989334984206,1
"705","NOS1",3,10,1,0.783682403536235,3.13177813312122,0.135715351719304,1
"706","OBSL1",1,5,1,0.522460760013978,4.75462544169004,0.0109222178873759,1
"707","OR10Z1",1,5,1,0.522460760013978,4.75462544169004,0.0109222178873759,1
"708","OR2G2",1,5,1,0.522460760013978,4.75462544169004,0.0109222178873759,1
"709","OR51G1",2,6,1,0.875321626527428,5.00397204706356,0.0849989334984206,1
"710","OTOGL",3,8,1,0.986874717765932,4.22221742151041,0.165193439815312,1
"711","PAPPA",1,5,1,0.522460760013978,4.75462544169004,0.0109222178873759,1
"712","PCDH18",1,5,1,0.522460760013978,4.75462544169004,0.0109222178873759,1
"713","PCDHB16",3,7,1,1.13191198759171,5.08468719148781,0.185107668634538,1
"714","PCNX2",2,7,1,0.747616030019327,4.01931739094289,0.0745234507745827,1
"715","PDE11A",1,5,1,0.522460760013978,4.75462544169004,0.0109222178873759,1
"716","PDE8A",1,5,1,0.522460760013978,4.75462544169004,0.0109222178873759,1
"717","PDPR",1,5,1,0.522460760013978,4.75462544169004,0.0109222178873759,1
"718","PDZD2",2,6,1,0.875321626527428,5.00397204706356,0.0849989334984206,1
"719","PDZRN3",2,6,1,0.875321626527428,5.00397204706356,0.0849989334984206,1
"720","PIWIL4",1,5,1,0.522460760013978,4.75462544169004,0.0109222178873759,1
"721","PKP4",1,5,1,0.522460760013978,4.75462544169004,0.0109222178873759,1
"722","PLA2R1",2,6,1,0.875321626527428,5.00397204706356,0.0849989334984206,1
"723","PLEKHH2",1,5,1,0.522460760013978,4.75462544169004,0.0109222178873759,1
"724","PLXNB2",1,5,1,0.522460760013978,4.75462544169004,0.0109222178873759,1
"725","POTEE",1,5,1,0.522460760013978,4.75462544169004,0.0109222178873759,1
"726","PRICKLE1",1,5,1,0.522460760013978,4.75462544169004,0.0109222178873759,1
"727","PTPN13",3,9,1,0.874009496861354,3.60013198234858,0.149034567665,1
"728","PTPRT",2,7,1,0.747616030019327,4.01931739094289,0.0745234507745827,1
"729","RAPGEF2",1,5,1,0.522460760013978,4.75462544169004,0.0109222178873759,1
"730","RASA1",2,7,1,0.747616030019327,4.01931739094289,0.0745234507745827,1
"731","RASAL2",1,5,1,0.522460760013978,4.75462544169004,0.0109222178873759,1
"732","RAVER2",1,5,1,0.522460760013978,4.75462544169004,0.0109222178873759,1
"733","RB1",5,14,1,0.937189497002163,2.85176660185135,0.256907371439838,1
"734","RBL2",2,7,1,0.747616030019327,4.01931739094289,0.0745234507745827,1
"735","REV3L",3,9,1,0.874009496861354,3.60013198234858,0.149034567665,1
"736","RIMS2",1,5,1,0.522460760013978,4.75462544169004,0.0109222178873759,1
"737","RNF213",1,5,1,0.522460760013978,4.75462544169004,0.0109222178873759,1
"738","ROBO2",3,8,1,0.986874717765932,4.22221742151041,0.165193439815312,1
"739","RTKN2",1,5,1,0.522460760013978,4.75462544169004,0.0109222178873759,1
"740","RTN1",1,5,1,0.522460760013978,4.75462544169004,0.0109222178873759,1
"741","SACS",3,8,1,0.986874717765932,4.22221742151041,0.165193439815312,1
"742","SALL4",1,5,1,0.522460760013978,4.75462544169004,0.0109222178873759,1
"743","SCRIB",2,6,1,0.875321626527428,5.00397204706356,0.0849989334984206,1
"744","SEMA3A",2,6,1,0.875321626527428,5.00397204706356,0.0849989334984206,1
"745","SEMA6C",1,5,1,0.522460760013978,4.75462544169004,0.0109222178873759,1
"746","SENP6",1,5,1,0.522460760013978,4.75462544169004,0.0109222178873759,1
"747","SF3B1",3,7,1,1.13191198759171,5.08468719148781,0.185107668634538,1
"748","SI",3,8,1,0.986874717765932,4.22221742151041,0.165193439815312,1
"749","SLC22A8",2,6,1,0.875321626527428,5.00397204706356,0.0849989334984206,1
"750","SLC39A12",1,5,1,0.522460760013978,4.75462544169004,0.0109222178873759,1
"751","SLC44A5",1,5,1,0.522460760013978,4.75462544169004,0.0109222178873759,1
"752","SLC4A8",1,5,1,0.522460760013978,4.75462544169004,0.0109222178873759,1
"753","SLFN11",1,5,1,0.522460760013978,4.75462544169004,0.0109222178873759,1
"754","SLITRK2",1,5,1,0.522460760013978,4.75462544169004,0.0109222178873759,1
"755","SMARCA2",1,5,1,0.522460760013978,4.75462544169004,0.0109222178873759,1
"756","SPTAN1",2,6,1,0.875321626527428,5.00397204706356,0.0849989334984206,1
"757","SPTBN2",2,6,1,0.875321626527428,5.00397204706356,0.0849989334984206,1
"758","SPTBN4",1,5,1,0.522460760013978,4.75462544169004,0.0109222178873759,1
"759","SRCAP",2,6,1,0.875321626527428,5.00397204706356,0.0849989334984206,1
"760","SRRM4",1,5,1,0.522460760013978,4.75462544169004,0.0109222178873759,1
"761","STAB1",3,8,1,0.986874717765932,4.22221742151041,0.165193439815312,1
"762","SYCP2",3,7,1,1.13191198759171,5.08468719148781,0.185107668634538,1
"763","TENM2",3,7,1,1.13191198759171,5.08468719148781,0.185107668634538,1
"764","TENM3",3,7,1,1.13191198759171,5.08468719148781,0.185107668634538,1
"765","TET1",2,6,1,0.875321626527428,5.00397204706356,0.0849989334984206,1
"766","THBS3",1,5,1,0.522460760013978,4.75462544169004,0.0109222178873759,1
"767","THSD7B",3,9,1,0.874009496861354,3.60013198234858,0.149034567665,1
"768","TMEM132B",1,5,1,0.522460760013978,4.75462544169004,0.0109222178873759,1
"769","TNR",2,6,1,0.875321626527428,5.00397204706356,0.0849989334984206,1
"770","TNRC18",1,5,1,0.522460760013978,4.75462544169004,0.0109222178873759,1
"771","TRAK1",1,5,1,0.522460760013978,4.75462544169004,0.0109222178873759,1
"772","TRERF1",1,5,1,0.522460760013978,4.75462544169004,0.0109222178873759,1
"773","TRIOBP",2,6,1,0.875321626527428,5.00397204706356,0.0849989334984206,1
"774","TRIP12",2,6,1,0.875321626527428,5.00397204706356,0.0849989334984206,1
"775","TTC13",1,5,1,0.522460760013978,4.75462544169004,0.0109222178873759,1
"776","TTC3",1,5,1,0.522460760013978,4.75462544169004,0.0109222178873759,1
"777","TTI2",1,5,1,0.522460760013978,4.75462544169004,0.0109222178873759,1
"778","UNC45B",2,7,1,0.747616030019327,4.01931739094289,0.0745234507745827,1
"779","UTP20",2,6,1,0.875321626527428,5.00397204706356,0.0849989334984206,1
"780","VAV3",2,6,1,0.875321626527428,5.00397204706356,0.0849989334984206,1
"781","VPS13C",3,7,1,1.13191198759171,5.08468719148781,0.185107668634538,1
"782","WDFY3",3,7,1,1.13191198759171,5.08468719148781,0.185107668634538,1
"783","WNK4",1,5,1,0.522460760013978,4.75462544169004,0.0109222178873759,1
"784","ZAN",1,5,1,0.522460760013978,4.75462544169004,0.0109222178873759,1
"785","ZFHX3",3,7,1,1.13191198759171,5.08468719148781,0.185107668634538,1
"786","ZFYVE26",3,8,1,0.986874717765932,4.22221742151041,0.165193439815312,1
"787","ZNF227",2,6,1,0.875321626527428,5.00397204706356,0.0849989334984206,1
"788","ZNF518A",2,7,1,0.747616030019327,4.01931739094289,0.0745234507745827,1
"789","ZNF7",1,5,1,0.522460760013978,4.75462544169004,0.0109222178873759,1
"790","ZNF804A",2,6,1,0.875321626527428,5.00397204706356,0.0849989334984206,1
