,0,1,2,3,4,5,6,7,8,9,10,11,12,13,14,15,16,17,18,19,20,21,22,23,24,25,26,27,28,29,30,31,32,33,34,35,36,37,38,39,40,41,42,43,44,45,46,47,48,49,50,51,52,53,54,55,56,57,58,59,60,61,62,63,64,65,66,67,68,69,70,71,72,73,74,75,76,77,78,79
0,0.0,0.0,1.067557,0.0,3.0263934,3.4319074,0.0,1.9208665,2.018601,0.0,0.0,0.0,0.0,3.1646905,0.0,0.0,0.0,3.4620295,2.2316537,5.027439,0.0,0.0,9.901196,0.0,0.0,0.0,0.0,0.0,0.0,0.0,0.0,0.0,7.3674927,7.113444,0.0,0.0,0.0,0.0,6.637993,9.304583,2.1568286,0.9315269,0.0,0.0,0.15986738,0.69379586,1.1687107,2.8085494,0.0,0.0,0.0,0.0,0.20569693,2.177306,0.0,0.0,0.0,0.0,0.0,0.0,2.2727056,0.0,7.8788676,0.0,3.9279025,9.4607315,0.0,0.0,2.684048,0.0,3.2333822,0.0,1.9077029,2.0675611,2.414799,1.2057801,2.9214396,5.5651107,0.0,0.0
1,0.0,0.0,2.6680303,0.0,1.1204973,3.412526,0.0,2.4961138,3.7685122,0.0,0.0,0.0,0.0,2.7406955,0.0,0.0,0.0,6.4231615,2.7835433,5.255357,0.0,0.0,13.71233,0.0,0.0,0.0,0.0,0.0,0.0,0.0,0.0,0.0,8.639967,3.9704447,0.0,0.0,0.0,0.0,7.544157,5.776642,3.2000785,1.8715731,0.0,0.0,0.0,1.7750785,1.8266971,4.508595,0.0,0.0,0.0,0.0,0.9212562,2.8690307,0.0,0.0,0.0,0.0,0.0,0.0,1.283025,0.0,5.9880505,0.0,2.267199,7.0691257,0.0,0.0,2.5177298,0.0,3.8962827,0.0,2.5463102,1.0121776,1.3451073,0.0,0.8282913,3.256538,0.0,0.0
2,0.0,0.0,2.0008314,0.0,0.6488879,1.6798329,0.0,2.8602493,3.5858154,0.0,0.0,0.0,0.0,1.618472,0.0,0.0,0.0,4.94166,1.2219477,3.8297029,0.0,0.0,5.7205973,0.0,0.0,0.0,0.0,0.0,0.0,0.0,0.0,0.0,5.75733,1.8159417,0.0,0.0,0.0,0.0,2.3048472,4.557369,4.5422096,3.5380452,0.0,0.0,0.0,5.003671,4.2499785,7.329128,0.0,0.0,0.0,0.0,4.1739764,3.3561416,0.0,0.0,0.0,0.0,0.0,0.0,0.42733058,0.0,2.4565759,0.0,0.8907911,3.2775643,0.0,0.0,0.9446026,0.0,1.2356819,0.0,1.4347959,0.2082559,1.0893989,0.8345243,1.0086462,1.7778554,0.0,0.0
3,0.0,0.0,2.031832,0.0,1.1239034,2.7507172,0.0,2.1341398,2.9744487,0.0,0.0,0.0,0.0,2.3861005,0.0,0.0,0.0,5.229722,2.274925,4.175621,0.0,0.0,10.885583,0.0,0.0,0.0,0.0,0.0,0.0,0.0,0.0,0.0,5.6842656,5.3212504,0.0,0.0,0.0,0.0,7.315197,5.483388,2.60796,2.4608138,0.0,0.0,0.0,2.690149,1.3573782,3.07913,0.0,0.0,0.0,0.0,1.1041855,1.5671277,0.0,0.0,0.0,0.0,0.0,0.0,1.5119605,0.0,7.5390396,0.0,2.6463556,8.992348,0.0,0.0,3.0480287,0.0,2.551292,0.0,0.0,2.5112457,0.72325176,0.64762026,2.5123017,5.424892,0.0,0.0
4,0.0,0.0,1.2661335,0.0,1.3942796,2.669106,0.0,1.7944305,2.3851397,0.0,0.0,0.0,0.0,2.2669864,0.0,0.0,0.0,3.692439,1.4427743,4.231636,0.0,0.0,4.88807,0.0,0.0,0.0,0.0,0.0,0.0,0.0,0.0,0.0,7.506954,1.9518387,0.0,0.0,0.0,0.0,1.725847,5.13564,3.2799406,2.368333,0.0,0.0,0.0,3.0729992,2.7403364,5.1433916,0.0,0.0,0.0,0.0,2.41012,2.6041577,0.0,0.0,0.0,0.0,0.0,0.0,1.7539515,0.0,5.2027555,0.0,3.058093,6.1951623,0.0,0.0,1.607982,0.0,3.3331592,0.0,3.70047,0.71557784,3.2276464,0.96378434,1.6607189,3.1699874,0.0,0.0
5,0.0,0.0,2.170045,0.0,0.9948814,3.519835,0.0,1.9782426,3.342991,0.0,0.0,0.0,0.0,2.5241039,0.0,0.0,0.0,5.125412,2.0789285,5.509967,0.0,0.0,5.442005,0.0,0.0,0.0,0.0,0.0,0.0,0.0,0.0,0.0,5.6286044,1.7265613,0.0,0.0,0.0,0.0,2.0401397,4.5728445,4.255622,2.7508817,0.0,0.0,0.0,3.9125235,3.9816163,6.919895,0.0,0.0,0.0,0.0,3.5152478,3.5784981,0.0,0.0,0.0,0.0,0.0,0.0,0.8886372,0.0,4.127481,0.0,1.6528673,5.2633314,0.0,0.0,1.7162131,0.0,3.1642933,0.0,3.309472,0.15048286,2.069238,0.63922745,0.75222224,2.2959082,0.0,0.0
6,0.0,0.0,1.179385,0.0,1.314698,1.3524165,0.0,1.7295052,1.9890612,0.0,0.0,0.0,0.0,1.6173128,0.0,0.0,0.0,3.2302465,1.5097775,2.4705384,0.0,0.0,4.9234643,0.0,0.0,0.0,0.0,0.0,0.5153532,0.0,0.0,0.0,5.1009297,0.69749254,0.0,0.0,0.034428522,0.0,0.8567553,4.6949077,5.039561,2.6038876,0.0,0.0,0.0,1.7161844,1.8830007,6.7770705,0.0,0.0,0.0,0.0,0.37997967,4.744397,0.0,0.0,0.0,0.0,0.0,0.0,1.4433763,0.0,4.21321,0.0,2.5701804,5.161043,0.0,0.0,1.158271,0.0,2.1103723,0.0,2.7020035,0.7250928,2.8828874,1.3644074,2.0007772,3.0128164,0.0,0.0
7,0.0,0.0,2.8748686,0.0,0.94379973,3.1016536,0.0,2.884586,4.2321095,0.0,0.0,0.0,0.0,2.4442866,0.0,0.0,0.0,6.6098795,2.5562475,5.328673,0.0,0.0,9.9115095,0.0,0.0,0.0,0.0,0.0,0.0,0.0,0.0,0.0,9.440226,2.8750145,0.0,0.0,0.0,0.0,5.276431,4.4477572,2.5889838,2.0797343,0.0,0.0,0.23940745,1.7405505,0.30605584,2.3319008,0.0,0.0,0.0,0.0,0.20946099,1.5436194,0.0,0.0,0.0,0.0,0.0,0.0,1.0092237,0.0,4.9775133,0.0,1.8715582,6.3301334,0.0,0.0,1.9531975,0.0,1.8649669,0.0,0.9729759,1.1487865,1.0601462,0.9989629,1.9179955,3.6989136,0.0,0.0
8,0.0,0.0,2.0984154,0.0,1.3974141,3.3601735,0.0,1.9424418,2.8511016,0.0,0.0,0.0,0.0,2.9096487,0.0,0.0,0.0,5.6601067,2.838163,4.5320754,0.0,0.0,6.8851213,0.0,0.0,0.0,0.0,0.0,0.0,0.0,0.0,0.0,11.235802,1.6995481,0.0,0.0,0.0,0.0,3.2992907,3.292808,3.626636,2.8504393,0.0,0.0,0.0,2.5358596,1.2670242,4.3880816,0.0,0.0,0.0,0.0,0.686031,2.6648355,0.0,0.0,0.0,0.0,0.0,0.0,1.0244029,0.0,4.958583,0.0,1.879036,6.2681837,0.0,0.0,2.0853603,0.0,3.1768808,0.0,2.6794596,0.49806345,1.5542442,0.5595812,1.0241998,2.9518206,0.0,0.0
9,0.0,0.0,1.4932415,0.0,3.9099762,2.6672711,0.0,2.492736,1.40093,0.0,0.0,0.0,0.0,4.284596,0.0,0.0,0.0,5.983879,4.3850894,2.4980502,0.0,0.0,7.5217047,0.0,0.0,0.0,0.0,0.0,1.4053432,0.0,0.0,0.0,14.818382,0.12667696,0.0,0.0,0.0,0.0,2.1966531,3.5466616,3.0639532,2.0974834,0.0,0.0,0.0,1.6774771,0.9637097,3.4887652,0.0,0.0,0.0,0.0,0.1675782,2.4751537,0.0,0.0,0.0,0.0,0.0,0.0,0.3755544,0.0,3.8984973,0.0,0.8189525,5.106505,0.0,0.0,1.9523737,0.0,2.6722186,0.0,2.05356,0.29329652,0.7499453,0.32318127,0.44904095,2.2298093,0.0,0.0
10,0.0,0.0,2.8119667,0.0,0.0,3.9187756,0.0,1.0372167,3.8179398,0.0,0.0,0.0,0.0,1.6410433,0.0,0.0,0.0,4.9265327,1.6886506,6.1987762,0.0,0.0,0.9566219,0.0,0.0,0.0,0.0,0.0,1.3459555,0.0,0.0,0.0,4.676076,0.19017476,0.0,0.0,1.1267344,0.0,0.0,2.4382463,2.6088042,0.668154,0.0,0.0,0.0,2.6783185,4.9062233,5.727223,0.0,0.0,0.0,0.0,4.4716897,3.0747838,0.0,0.0,0.0,0.0,0.06571044,0.0,1.1427224,0.0,4.200042,0.0,2.0141544,4.940695,0.0,0.0,1.5940884,0.0,3.2503128,0.0,2.9959774,0.33094215,1.7208743,0.07056016,0.5368302,2.0846229,0.0,0.0
11,0.0,0.0,2.1400943,0.0,2.3028362,3.8075163,0.0,2.2038736,2.863001,0.0,0.0,0.0,0.0,3.4340775,0.0,0.0,0.0,5.793318,3.283181,5.166645,0.0,0.0,9.546172,0.0,0.0,0.0,0.0,0.0,0.0,0.0,0.0,0.0,5.9733195,4.5604916,0.0,0.0,0.0,0.0,5.7254434,6.2521124,2.9987512,2.2430222,0.0,0.0,0.0,2.5942998,2.0044873,4.1909657,0.0,0.0,0.0,0.0,1.515476,2.2835114,0.0,0.0,0.0,0.0,0.0,0.0,1.2062017,0.0,5.078295,0.0,2.1543994,6.236465,0.0,0.0,2.064122,0.0,3.6841967,0.0,3.304292,0.41599023,1.8936499,0.32667437,0.7774436,2.7347238,0.0,0.0
12,0.0,0.0,0.3367798,0.0,2.6008174,3.379067,0.0,0.22846454,0.6682512,0.0,0.62912965,0.0,0.0,2.3922515,0.0,0.0,0.0,1.1242118,1.6890594,4.2757545,0.0,0.0,0.43962088,0.0,0.0,0.0,0.65341955,0.0,1.2925825,0.0,0.0,0.0,3.4662912,1.3356721,0.0,0.0,2.154825,0.0,0.0,5.5349,2.6080441,0.0,0.0,0.0,0.0,1.923985,6.392819,7.0977216,0.0,0.0,0.0,0.0,5.591066,4.130088,0.0,0.0,0.75373995,0.0,0.75914586,0.0,1.2630943,0.0,2.996002,0.0,2.2410183,3.4514039,0.0,0.0,0.59775996,0.0,1.5759139,0.0,2.275839,0.55892664,2.5027184,0.96473014,1.5562892,2.0914464,0.0,0.0
13,0.0,0.0,1.6652079,0.0,1.1200696,2.9704866,0.0,1.8703752,3.045044,0.0,0.0,0.0,0.0,1.9375415,0.0,0.0,0.0,3.6011522,1.2503213,5.254994,0.0,0.0,7.502755,0.0,0.0,0.0,0.0,0.0,0.0,0.0,0.0,0.0,3.0463831,6.1033344,0.0,0.0,0.0,0.0,3.887371,11.576933,2.5922916,2.0536344,0.0,0.0,0.0,2.9189363,2.5381124,4.0017047,0.0,0.0,0.0,0.0,2.319857,1.9253415,0.0,0.0,0.0,0.0,0.0,0.0,1.8891065,0.0,6.0463324,0.0,3.2895975,7.4799776,0.0,0.0,1.9383452,0.0,2.9897707,0.0,3.124739,1.0844147,3.1890814,1.5589538,2.4463737,4.260437,0.0,0.0
14,0.0,0.0,1.7549975,0.0,1.8784006,3.2241096,0.0,2.3509204,3.2718923,0.0,0.0,0.0,0.0,2.309612,0.0,0.0,0.0,3.889933,1.5151591,5.8138847,0.0,0.0,7.8520837,0.0,0.0,0.0,0.0,0.0,0.0,0.0,0.0,0.0,3.9937692,9.375105,0.0,0.0,0.0,0.0,6.838531,9.858636,1.3481864,0.9595617,0.0,0.0,0.38556385,1.0030794,0.95280683,1.7424529,0.0,0.0,0.0,0.0,0.475763,1.1456928,0.0,0.0,0.0,0.0,0.0,0.0,2.3151317,0.0,6.6333804,0.0,3.7337444,9.031818,0.0,0.0,1.6548054,0.0,0.28048253,0.0,0.3320371,1.9515543,2.962485,3.7185268,5.309027,6.99907,0.0,0.0
15,0.0,0.0,1.746536,0.0,1.2922826,1.637013,0.0,2.834681,2.8574216,0.0,0.0,0.0,0.0,2.435655,0.0,0.0,0.0,5.630219,2.03192,2.823012,0.0,0.0,10.430017,0.0,0.0,0.0,0.0,0.0,0.0,0.0,0.0,0.0,9.758197,5.5558257,0.0,0.0,0.0,0.0,7.131627,5.9358463,3.6861286,4.2845488,0.0,0.0,0.0,5.2883973,2.2562432,4.6799874,0.0,0.0,0.0,0.0,2.7581706,1.553752,0.0,0.0,0.0,1.1578231,0.0,0.0,0.55872154,0.0,4.1181173,0.0,1.1817074,5.7272305,0.0,0.0,1.7956666,0.0,1.7793835,0.0,1.5786102,0.4828419,1.1794016,1.363629,1.6112013,3.1501174,0.0,0.0
16,0.0,0.0,0.77291524,0.0,3.1901107,2.7956772,0.0,2.0279148,1.8554579,0.0,0.0,0.0,0.0,2.6211147,0.0,0.0,0.0,2.4230547,1.6114771,4.6230497,0.0,0.0,7.205976,0.0,0.0,0.0,0.0,0.0,0.0,0.0,0.0,0.0,5.433184,3.5046957,0.0,0.0,0.0,0.0,2.2963483,9.216877,2.3685436,1.4857527,0.0,0.0,0.0,2.335556,2.586352,4.0293493,0.0,0.0,0.0,0.0,2.2805989,2.0861905,0.0,0.0,0.0,0.0,0.0,0.0,1.9813156,0.0,6.3576026,0.0,3.4578524,7.7767377,0.0,0.0,2.0621831,0.0,3.2870882,0.0,3.2013752,1.1386338,3.0850196,1.3409715,2.3309379,4.304926,0.0,0.0
17,0.0,0.0,1.3265996,0.0,2.159084,3.957697,0.0,1.1478121,1.8457053,0.0,0.0,0.0,0.0,3.2039502,0.0,0.0,0.0,3.9374557,2.627365,4.980385,0.0,0.0,5.1736574,0.0,0.0,0.0,0.0,0.0,0.0,0.0,0.0,0.0,4.489316,3.058656,0.0,0.0,0.0,0.0,3.1313305,4.2079124,3.0160453,1.4159995,0.0,0.0,0.0,2.5677078,3.6017342,5.3679557,0.0,0.0,0.0,0.0,3.0649037,2.9718363,0.0,0.0,0.0,0.0,0.0,0.0,1.6852825,0.0,6.0511513,0.0,2.937417,7.283835,0.0,0.0,2.26565,0.0,4.1848965,0.0,3.831794,0.68454874,2.5675094,0.46869007,1.1738045,3.3667495,0.0,0.0
18,0.0,0.0,0.36400902,0.0,2.4255452,1.663089,0.0,1.2088121,1.2285302,0.0,0.0,0.0,0.0,1.7575783,0.0,0.0,0.0,1.2119488,1.0897386,3.0746295,0.0,0.0,1.3245767,0.0,0.0,0.0,0.08757457,0.0,0.4434893,0.0,0.0,0.0,3.780997,1.9421574,0.0,0.0,1.6687728,0.0,0.0,6.7479177,4.0435176,0.93162394,0.0,0.0,0.0,1.5240374,4.080949,7.368137,0.0,0.0,0.0,0.0,2.716666,4.7572665,0.0,0.0,0.0,0.0,0.0,0.0,2.3349357,0.0,5.1653724,0.0,4.0113945,5.8319683,0.0,0.0,0.9813609,0.0,2.4321012,0.0,3.1608887,1.2494465,3.9591048,1.4403664,2.6671572,3.6116567,0.0,0.0
19,0.0,0.0,1.1917067,0.0,2.266507,2.8827717,0.0,1.8488202,2.074938,0.0,0.0,0.0,0.0,2.627628,0.0,0.0,0.0,3.5778508,1.9997399,4.2725587,0.0,0.0,5.2940745,0.0,0.0,0.0,0.0,0.0,0.0,0.0,0.0,0.0,8.094028,3.4898233,0.0,0.0,0.0,0.0,2.5021825,6.8150897,2.4168026,1.1148955,0.0,0.0,0.0,1.5028273,2.249275,3.7816195,0.0,0.0,0.0,0.0,1.4511731,2.4281907,0.0,0.0,0.0,0.0,0.0,0.0,1.7181879,0.0,5.7956147,0.0,2.9919527,7.0119247,0.0,0.0,2.0029428,0.0,3.4903817,0.0,3.3359425,0.8420663,2.689956,0.85913813,1.6658611,3.5567482,0.0,0.0
20,0.0,0.0,0.26314577,0.0,1.7783438,1.3330386,0.0,0.56613106,1.0840358,0.0,0.18256712,0.0,0.0,1.2662934,0.0,0.0,0.0,0.6319465,0.7794482,2.7280822,0.0,0.0,1.1086742,0.0,0.0,0.0,0.0,0.0,0.2827407,0.0,0.0,0.0,3.8143718,1.4387376,0.0,0.0,0.98630553,0.0,0.0,4.8428497,3.7295306,0.70828843,0.0,0.0,0.0,1.5620037,4.224181,7.0664797,0.0,0.0,0.0,0.0,3.0308692,4.502495,0.0,0.0,0.0,0.0,0.0,0.0,2.5604947,0.0,5.8537664,0.0,4.4086027,6.618259,0.0,0.0,1.2558464,0.0,3.487184,0.0,4.5158787,1.1318036,4.825671,1.4355077,2.5211275,3.7263966,0.0,0.0
21,0.0,0.0,1.8642457,0.0,2.258565,1.3926182,0.0,2.9055924,2.4909027,0.0,0.0,0.0,0.0,3.1163812,0.0,0.0,0.0,6.381916,3.3123968,1.9713591,0.0,0.0,12.087456,0.0,0.0,0.0,0.0,0.0,0.81059295,0.0,0.0,0.0,12.6115885,1.0054474,0.0,0.0,0.0,0.0,4.7663403,4.2562704,3.1564546,3.1053007,0.0,0.0,0.0,2.749581,0.51062495,3.2741768,0.0,0.0,0.0,0.0,0.5001359,1.7888011,0.0,0.0,0.0,0.0,0.0,0.0,0.37992045,0.0,5.0798793,0.0,0.7964716,6.5543947,0.0,0.0,2.7393076,0.0,3.7198055,0.0,2.4446666,0.40154803,0.50709987,0.0,0.13364464,2.645205,0.0,0.0
22,0.0,0.0,0.0,0.0,0.92512333,1.3887379,0.0,0.0,0.046921283,0.0,2.3436575,1.3030584,0.0,0.6165109,0.0,0.0,0.3357127,0.0,0.33703,1.7611611,0.0,0.0,0.0,0.0,0.0,0.0,2.333631,0.9763334,1.8447908,0.0,0.0,0.84529394,1.7741097,1.1461213,0.0,0.0,2.855722,0.0,0.0,5.2378135,1.9543824,0.7919333,0.0,0.0,0.0,3.055279,4.6459274,4.7941394,0.0,0.0,0.0,0.0,4.6834683,2.1479928,0.0,0.0,0.0,0.0,0.01579298,0.0,3.2112358,0.0,5.803537,0.0,4.9665356,7.2488413,0.0,0.0,0.44111967,0.0,0.08193548,0.0,0.9178414,2.0269842,4.244537,3.5443745,5.5955124,6.3904905,0.0,0.0
23,0.0,0.0,1.0616852,0.0,3.2621262,1.3077023,0.0,2.4594967,1.7469652,0.0,0.0,0.0,0.0,3.1249378,0.0,0.0,0.0,4.4771843,2.928439,2.0301967,0.0,0.0,8.573761,0.0,0.0,0.0,0.0,0.0,2.5262349,0.0,0.0,0.0,10.917853,0.0,0.0,0.0,0.0,0.0,1.1419582,4.5992746,2.134964,0.9915683,0.0,0.0,0.65123695,0.58256483,0.0,1.5370145,0.0,0.0,0.0,0.0,0.0,1.4570707,0.0,0.0,0.0,0.0,0.0,0.0,1.4797469,0.0,6.631759,0.0,2.660422,8.880884,0.0,0.0,2.4859982,0.0,1.5559309,0.0,0.7399836,1.6734182,1.768445,2.310174,3.474268,5.70619,0.0,0.0
24,0.0,0.0,1.9542462,0.0,1.9806242,1.5952806,0.0,3.2840445,2.9661784,0.0,0.0,0.0,0.0,2.6903493,0.0,0.0,0.0,6.1038446,2.6216881,2.7670498,0.0,0.0,10.043401,0.0,0.0,0.0,0.0,0.0,0.0,0.0,0.0,0.0,9.677146,1.9213246,0.0,0.0,0.0,0.0,3.7046635,6.1649694,0.6923312,0.7085223,0.0,0.0,0.6086511,0.7852765,0.0010802299,0.25154638,0.0,0.0,0.0,0.0,0.1733289,0.0,0.21024743,0.0,0.0,0.31694663,0.0,0.0,0.48395693,0.0,5.048268,0.0,0.9424392,6.54192,0.0,0.0,2.4978511,0.0,2.3314607,0.0,0.7711104,0.982056,0.16512752,0.52582186,1.1747241,3.387278,0.0,0.0
25,0.0,0.0,1.0463355,0.0,0.24061444,0.24007325,0.0,1.3864005,2.7270942,0.0,0.0,0.0,0.0,0.66111165,0.0,0.0,0.0,2.303261,0.27171114,2.5512757,0.0,0.0,5.029617,0.0,0.0,0.0,0.0,0.0,0.7046985,0.0,0.0,0.0,7.438375,1.61646,0.0,0.0,1.0056478,0.0,0.40198484,7.9646106,4.4546494,3.4140646,0.0,0.0,0.0,4.9187655,4.257643,7.4139633,0.0,0.0,0.0,0.0,4.273085,3.3483067,0.0,0.0,0.0,0.0,0.0,0.0,1.8885792,0.0,5.5333695,0.0,3.313128,6.6703105,0.0,0.0,1.6296066,0.0,3.092553,0.0,3.4956422,0.9264036,3.4355285,1.3399954,2.1648533,3.6635675,0.0,0.0
26,0.0,0.0,2.490608,0.0,1.6111879,2.4278944,0.0,3.2114842,3.7626953,0.0,0.0,0.0,0.0,2.6057193,0.0,0.0,0.0,6.4204283,2.619685,4.2921267,0.0,0.0,13.109489,0.0,0.0,0.0,0.0,0.0,0.0,0.0,0.0,0.0,12.123589,3.1371193,0.0,0.0,0.0,0.0,6.7330027,5.2881904,2.154958,2.5485237,0.0,0.0,0.0,3.1556456,1.3375522,2.544267,0.0,0.0,0.0,0.0,1.4862618,0.8823181,0.0,0.0,0.0,0.86610734,0.0,0.0,0.4967103,0.0,3.376715,0.0,1.0086309,4.5453877,0.0,0.0,1.5013328,0.0,1.8919512,0.0,1.7531447,0.25180238,1.0276359,0.7785282,0.996302,2.2759726,0.0,0.0
27,0.0,0.0,2.6155267,0.0,1.4163609,2.755034,0.0,2.9435585,3.8599913,0.0,0.0,0.0,0.0,2.420348,0.0,0.0,0.0,6.0932093,2.5285013,4.8487983,0.0,0.0,13.47062,0.0,0.0,0.0,0.0,0.0,0.0,0.0,0.0,0.0,5.930142,4.4493947,0.0,0.0,0.0,0.0,7.917984,5.302676,3.19821,2.3852818,0.0,0.0,0.15705523,1.7379204,0.0040467232,2.7226062,0.0,0.0,0.0,0.0,0.0,2.0057209,0.0,0.0,0.0,0.0,0.0,0.0,1.0337524,0.0,5.51857,0.0,1.931072,7.3920155,0.0,0.0,2.1932764,0.0,1.3449196,0.0,0.456806,1.4053582,1.1675087,1.7707253,2.7430515,4.6866817,0.0,0.0
28,0.0,0.0,2.2794247,0.0,1.3556801,2.3107686,0.0,3.0951867,3.6866996,0.0,0.0,0.0,0.0,2.4003081,0.0,0.0,0.0,5.9492636,2.1528609,4.307705,0.0,0.0,8.72981,0.0,0.0,0.0,0.0,0.0,0.0,0.0,0.0,0.0,7.5237994,3.699586,0.0,0.0,0.0,0.0,5.24936,4.78708,2.2424574,1.8761646,0.0,0.0,0.06769836,1.7202833,0.783996,2.4008474,0.0,0.0,0.0,0.0,0.3828704,1.5426003,0.0,0.0,0.0,0.0,0.0,0.0,1.2821447,0.0,5.789556,0.0,2.2965171,7.3504806,0.0,0.0,2.292235,0.0,2.689998,0.0,1.9001799,1.0395032,1.5477531,1.046919,1.8906949,4.041064,0.0,0.0
29,0.0,0.0,1.6414498,0.0,3.6129875,2.6649227,0.0,2.690418,1.8915825,0.0,0.0,0.0,0.0,3.9290442,0.0,0.0,0.0,5.841505,3.945295,3.0705767,0.0,0.0,9.792958,0.0,0.0,0.0,0.0,0.0,1.0549773,0.0,0.0,0.0,12.471554,0.79143286,0.0,0.0,0.0,0.0,2.9752092,5.3385806,1.7395842,0.72958076,0.0,0.0,0.31567863,0.57458436,1.0991341,2.3863776,0.0,0.0,0.0,0.0,0.27301052,1.8411474,0.0,0.0,0.0,0.0,0.0,0.0,0.94618744,0.0,4.7360306,0.0,1.7567478,6.306259,0.0,0.0,1.9562705,0.0,2.61053,0.0,2.6122222,0.48400927,1.9922495,1.269259,1.5690515,3.2781525,0.0,0.0
30,0.0,0.0,1.9363194,0.0,0.0,3.628673,0.0,0.61379933,3.2414315,0.0,0.0,0.0,0.0,1.0589509,0.0,0.0,0.0,2.2737815,0.350235,6.5184145,0.0,0.0,0.0,0.0,0.0,0.0,1.1047006,0.0,2.0825956,0.0,0.0,0.7884741,3.0658708,0.7014521,0.0,0.0,2.6982586,0.0,0.0,4.767401,2.800147,0.6518872,0.0,0.0,0.0,2.0970867,4.3047605,5.608549,0.0,0.0,0.0,0.0,3.5485475,3.308055,0.0,0.0,0.0,0.0,0.0,0.0,1.7084488,0.0,3.3004634,0.0,2.9797678,3.5866456,0.0,0.0,0.37402272,0.0,1.5557346,0.0,2.454321,0.8279459,3.1327617,1.083719,1.9730616,2.3775144,0.0,0.0
31,0.0,0.0,2.387372,0.0,2.063024,3.6281717,0.0,1.9961611,2.6004553,0.0,0.0,0.0,0.0,3.598762,0.0,0.0,0.0,6.576886,3.9907217,4.233761,0.0,0.0,7.5740747,0.0,0.0,0.0,0.0,0.0,0.0,0.0,0.0,0.0,9.582949,1.4644164,0.0,0.0,0.0,0.0,4.426364,0.7917246,3.586516,2.3946538,0.0,0.0,0.0,3.8575451,4.0056725,6.1127443,0.0,0.0,0.0,0.0,3.7721038,2.9822004,0.0,0.0,0.0,0.0,0.0,0.0,0.8625138,0.0,5.182544,0.0,1.5793039,6.5224004,0.0,0.0,2.4371748,0.0,3.8101332,0.0,2.9949274,0.4056949,1.3151124,0.15174825,0.49557877,2.7506325,0.0,0.0
32,0.0,0.0,0.68988806,0.0,3.20767,2.117998,0.0,1.101544,0.30949497,0.0,0.0,0.0,0.0,3.4546745,0.0,0.0,0.36534905,3.7489967,3.4985836,1.5361398,1.2011082,0.0,1.9851983,0.0,0.0,0.0,0.0,0.0,0.0,0.0,0.0,0.0,5.7495203,5.5348334,0.0,0.0,0.0,0.0,3.6003804,2.4103549,2.4011738,0.39368084,0.0,0.0,0.14868069,0.21351746,1.7822983,3.6622512,0.0,0.0,0.0,0.0,0.45248222,2.8883233,0.0,0.0,0.0,0.0,0.0,0.0,1.1254206,0.0,4.353794,0.0,2.081317,5.7804627,0.0,0.0,1.4506489,0.0,1.4019636,0.0,1.5268927,0.8839937,1.9959607,1.7114213,2.363112,3.6346774,0.0,0.0
33,0.0,0.0,1.0415424,0.0,2.6097994,0.0,0.0,1.3526294,1.2259886,0.0,0.0,0.0,0.0,2.6184466,0.0,0.0,1.1629125,4.08449,3.5035408,0.0,0.0,0.0,4.651074,0.0,0.0,0.0,0.0,0.0,1.9341453,0.0,0.0,0.0,6.3013883,0.0,0.0,0.0,0.022070095,0.0,0.35444823,2.1096075,4.5056458,2.8671887,0.0,0.0,0.0,1.9413978,0.96870816,5.1537557,0.0,0.0,0.0,0.0,0.0,3.685913,0.0,0.0,0.0,0.0,0.0,0.0,0.74131185,0.0,4.144957,0.0,1.4102488,5.5058603,0.0,0.0,1.7735955,0.0,2.4279635,0.0,2.3561738,0.34207076,1.5675558,0.96978986,1.212167,2.73951,0.0,0.0
34,0.0,0.0,2.1820025,0.0,0.5143026,0.0,0.0,2.3364813,3.4637995,0.0,0.0,0.0,0.0,1.5646735,0.0,0.0,0.0,5.627135,2.3699553,1.5774398,0.0,0.0,10.115141,0.0,0.0,0.0,0.0,0.0,0.0,0.0,0.0,0.0,6.114039,2.843294,0.0,0.0,0.0,0.0,5.363256,4.411218,2.7707803,2.6491666,0.0,0.0,0.0,2.4443636,0.6927769,2.903335,0.0,0.0,0.0,0.0,0.5286463,1.6255016,0.0,0.0,0.0,0.0,0.0,0.0,1.175857,0.0,5.916167,0.0,2.0740547,7.1608243,0.0,0.0,2.5571775,0.0,3.557231,0.0,2.279304,1.021354,1.285417,0.20913616,1.0655662,3.4626377,0.0,0.0
35,0.0,0.0,0.37758544,0.0,0.2575542,0.7020209,0.0,0.0,0.584053,0.0,1.2676373,1.394157,0.0,0.7878042,0.0,0.0,0.51108634,0.0015404671,0.9903987,1.4994504,0.0,0.0,0.0,0.0,0.0,0.0,1.9568728,1.3819857,2.0177891,0.0,0.0,1.5166553,0.80309236,0.096848294,0.0,0.0,2.44496,0.0,0.0,2.8456116,3.892175,0.5335865,0.0,0.0,0.0,1.7517716,5.000413,7.6949444,0.0,0.0,0.0,0.0,3.7150462,4.883806,0.0,0.0,0.0,0.0,0.014466718,0.0,1.2723311,0.0,5.020467,0.0,2.2479298,5.8934565,0.0,0.0,2.099404,0.0,4.724543,0.0,4.3983235,0.10941343,2.1843235,0.0,0.0,2.0101151,0.0,0.0
36,0.0,0.0,0.9076373,0.0,0.09661995,2.7750795,0.0,0.0,1.7119918,0.0,2.28674,0.66664916,0.0,0.7592227,0.0,0.0,0.0,0.036616936,0.0,4.654008,0.0,0.0,0.0,0.0,0.0,0.0,3.1858425,2.5361059,1.8606546,0.0,0.0,0.0,0.0,1.5529552,0.0,0.0,3.175728,0.0,0.18821885,5.9849834,4.2896514,1.9142734,0.0,0.0,0.0,4.2117643,6.1171412,8.428165,0.0,0.0,0.0,0.0,5.696348,4.335405,0.0,0.0,0.0,0.0,0.0,0.0,1.8210881,0.0,3.0826528,0.0,2.9960446,3.599775,0.0,0.0,0.0,0.0,0.49410647,0.0,1.778033,0.8467596,3.2530756,2.2013073,3.0584636,3.2456708,0.0,0.0
37,0.0,0.0,1.7608606,0.0,3.4920506,1.0664867,0.0,2.825078,1.7883079,0.0,0.0,0.0,0.0,3.8931577,0.0,0.0,0.0,6.6960955,4.5170193,1.0167459,0.0,0.0,7.8113294,0.0,0.0,0.0,0.0,0.0,2.3310118,0.0,0.0,0.0,12.645155,0.0,0.0,0.0,0.0,0.0,2.0824533,1.8403683,3.7598794,3.4674754,0.0,0.0,0.0,3.5131497,1.5085844,4.695507,0.0,0.0,0.0,0.0,1.3007262,2.3707533,0.0,0.0,0.0,0.0,0.0,0.0,0.16803205,0.0,3.937237,0.0,0.5583604,5.4146767,0.0,0.0,2.1203463,0.0,3.2447464,0.0,3.035177,0.0,0.990863,0.4100317,0.07283838,2.0124154,0.0,0.0
38,0.0,0.0,0.7378471,0.0,0.7556039,1.6138508,0.0,1.2780823,1.8374836,0.0,0.0,0.0,0.0,1.4782975,0.0,0.0,0.0,2.4145675,0.6071609,2.934074,0.0,0.0,4.0440097,0.0,0.0,0.0,0.0,0.0,0.63032705,0.0,0.0,0.0,5.3576765,0.8030991,0.0,0.0,0.44255954,0.0,0.31426543,5.2033286,4.103676,3.96679,0.0,0.0,0.0,4.7851562,2.6663268,5.877175,0.0,0.0,0.0,0.0,2.8579116,2.4267979,0.0,0.0,0.0,0.0,0.0,0.0,1.8610709,0.0,5.3237257,0.0,3.286661,6.511907,0.0,0.0,1.4656523,0.0,2.7455032,0.0,3.4478216,0.93938625,3.6963959,1.6595697,2.4503293,3.7305822,0.0,0.0
39,0.0,0.0,2.303611,0.0,2.0930905,2.7758896,0.0,2.1229556,2.167765,0.0,0.0,0.0,0.0,3.6094718,0.0,0.0,0.0,6.981839,4.332678,2.6694283,0.0,0.0,7.714335,0.0,0.0,0.0,0.0,0.0,0.88510317,0.0,0.0,0.0,10.192824,0.17100504,0.0,0.0,0.0,0.0,3.5836904,0.43495536,3.401003,3.426286,0.0,0.0,0.0,4.3521543,2.4511824,4.5918274,0.0,0.0,0.0,0.0,2.5127437,1.922713,0.0,0.0,0.0,0.0,0.0,0.0,0.49717456,0.0,4.1770434,0.0,1.0494105,5.5460243,0.0,0.0,2.036509,0.0,3.201784,0.0,2.9734259,0.049437806,1.2881408,0.4798277,0.41918147,2.2618756,0.0,0.0
40,0.0,0.0,1.8311458,0.0,2.5607636,4.095082,0.0,1.9615444,2.5687034,0.0,0.0,0.0,0.0,3.6750178,0.0,0.0,0.0,5.2660494,3.1135223,5.483719,0.0,0.0,8.727209,0.0,0.0,0.0,0.0,0.0,0.12625152,0.0,0.0,0.0,10.292929,1.855085,0.0,0.0,0.0,0.0,2.5955336,7.0455055,3.5612402,1.978361,0.0,0.0,0.0,3.0679092,3.7118082,6.0706396,0.0,0.0,0.0,0.0,3.169692,3.2717328,0.0,0.0,0.0,0.0,0.0,0.0,1.4932038,0.0,5.0831494,0.0,2.674022,6.1832232,0.0,0.0,1.8040797,0.0,4.0277457,0.0,4.517842,0.3279894,3.30125,0.7709913,1.0630174,2.7293448,0.0,0.0
41,0.0,0.0,2.5024788,0.0,1.2008201,3.1256194,0.0,2.6578097,3.7349298,0.0,0.0,0.0,0.0,2.6435888,0.0,0.0,0.0,6.1731005,2.50761,5.0800285,0.0,0.0,12.188011,0.0,0.0,0.0,0.0,0.0,0.0,0.0,0.0,0.0,9.457852,4.150456,0.0,0.0,0.0,0.0,6.158065,7.5113387,2.6933475,2.456631,0.0,0.0,0.0,2.5110052,1.1539975,3.163058,0.0,0.0,0.0,0.0,0.87475246,1.7099148,0.0,0.0,0.0,0.0,0.0,0.0,1.1356361,0.0,5.247702,0.0,2.0564222,6.619058,0.0,0.0,2.189106,0.0,3.5130947,0.0,3.1077466,0.46352488,1.8295227,0.5785556,1.0246254,3.0428908,0.0,0.0
42,0.0,0.0,2.551786,0.0,0.05264458,0.0,0.0,2.584871,4.569802,0.0,0.0,0.0,0.0,1.0869774,0.0,0.0,0.0,5.482627,1.7560644,2.8491564,0.0,0.0,11.429863,0.0,0.0,0.0,0.0,0.0,0.0,0.0,0.0,0.0,6.2575293,3.420475,0.0,0.0,0.0,0.0,6.046711,5.386073,2.8807974,2.9600801,0.0,0.0,0.0,3.2752945,1.3934549,3.4103773,0.0,0.0,0.0,0.0,1.334648,1.549627,0.0,0.0,0.0,0.0,0.0,0.0,1.6513401,0.0,7.4712405,0.0,2.797853,8.601676,0.0,0.0,3.1389387,0.0,4.455793,0.0,2.2430243,1.6847105,1.2947782,0.0,1.1072956,4.1607804,0.0,0.0
43,0.0,0.0,1.9152887,0.0,2.0492513,1.119698,0.0,3.1676795,2.7358413,0.0,0.0,0.0,0.0,2.5788903,0.0,0.0,0.0,6.0196476,2.8361332,2.0241644,0.0,0.0,9.468697,0.0,0.0,0.0,0.0,0.0,0.71237564,0.0,0.0,0.0,11.106653,0.9486551,0.0,0.0,0.0,0.0,3.3288174,4.671357,3.4293234,3.0459237,0.0,0.0,0.123684585,2.2995622,0.0,2.8753135,0.0,0.0,0.0,0.0,0.008925203,1.6901157,0.0,0.0,0.0,0.0,0.0,0.0,0.16601777,0.0,4.486384,0.0,0.41714674,5.7524223,0.0,0.0,2.464141,0.0,2.4179306,0.0,0.76743793,0.84611154,0.0,0.0919846,0.5508336,2.7708716,0.0,0.0
44,0.0,0.0,0.3866569,0.0,3.9500258,1.6307418,0.0,0.99954265,0.17216466,0.0,0.0,0.0,0.0,3.5814376,0.0,0.0,1.0341746,3.136595,3.6261141,1.2608281,0.0,0.0,3.012068,0.0,0.0,0.0,0.0,0.0,2.3854678,0.0,0.0,0.0,9.327067,0.0,0.0,0.0,1.1936238,0.0,0.0,3.8794057,1.9882325,0.3848985,0.0,0.0,0.26651818,0.30650392,1.665077,3.108377,0.0,0.0,0.0,0.0,0.5452658,2.4235055,0.0,0.0,0.0,0.0,0.0,0.0,0.8509635,0.0,3.364524,0.0,1.6166501,4.616701,0.0,0.0,1.0696406,0.0,1.1030225,0.0,1.7598,0.5604163,2.2302046,1.8401905,2.1273725,2.9629083,0.0,0.0
45,0.0,0.0,1.4276435,0.0,3.0289385,0.32712469,0.0,2.4835186,1.985989,0.0,0.0,0.0,0.0,3.006133,0.0,0.0,0.0,5.2271333,3.5070572,0.97970444,0.0,0.0,9.266531,0.0,0.0,0.0,0.0,0.0,1.3362796,0.0,0.0,0.0,8.401361,0.035328172,0.0,0.0,0.0,0.0,2.922485,3.2854278,2.7612371,2.540611,0.0,0.0,0.14914382,2.0393584,0.046030387,2.316892,0.0,0.0,0.0,0.0,0.10099248,1.3085092,0.0,0.0,0.0,0.0,0.0,0.0,0.52178854,0.0,4.703545,0.0,1.0240194,6.1675444,0.0,0.0,2.3392665,0.0,2.8662333,0.0,1.9391681,0.48688054,0.7253395,0.48727784,0.7814941,2.88472,0.0,0.0
46,0.0,0.0,0.6658881,0.0,3.4147017,2.7931767,0.0,1.3204628,0.5709295,0.0,0.0,0.0,0.0,3.5309186,0.0,0.0,0.0,3.4277897,3.0899544,2.7372875,0.0,0.0,3.554687,0.0,0.0,0.0,0.0,0.0,0.0,0.0,0.0,0.0,4.301171,4.3106604,0.0,0.0,0.0,0.0,1.9248185,6.6981916,2.2316687,0.9366412,0.0,0.0,0.2198419,0.711796,1.317952,3.2931676,0.0,0.0,0.0,0.0,0.40455478,2.3160565,0.0,0.0,0.0,0.0,0.0,0.0,1.9665463,0.0,6.210148,0.0,3.5284364,7.9838314,0.0,0.0,1.7383325,0.0,1.1235471,0.0,0.899361,1.8403335,2.5379698,2.413443,3.9066777,5.5193577,0.0,0.0
47,0.0,0.0,0.8556948,0.0,2.6364632,4.13862,0.0,0.87923944,1.9004467,0.0,0.7311639,0.0,0.0,2.4736924,0.0,0.0,0.0,1.4265906,1.3721659,6.452982,0.0,0.0,2.006278,0.0,0.0,0.0,2.6995378,0.9021387,0.0,0.0,0.0,0.0,1.3313191,4.755735,0.0,0.0,2.708331,0.0,1.614714,11.145264,2.007554,0.0,0.0,0.0,0.0,2.4312346,6.1195354,6.0006404,0.0,0.0,0.0,0.0,5.739049,3.2097764,0.0,0.0,0.5017065,0.0,0.6730815,0.0,1.8052046,0.0,4.511288,0.0,3.0426419,5.9427476,0.0,0.0,0.8666435,0.0,0.39198184,0.0,0.9893541,1.3448968,2.8836787,2.662554,3.7883039,4.660115,0.0,0.0
48,0.0,0.0,1.2656267,0.0,2.7870824,2.51811,0.0,1.8345296,1.3365933,0.0,0.0,0.0,0.0,3.2854233,0.0,0.0,0.0,4.66615,3.2948084,2.6223435,0.0,0.0,3.4845135,0.0,0.0,0.0,0.0,0.0,0.8610169,0.0,0.0,0.0,9.654658,0.5965732,0.0,0.0,0.0,0.0,0.7132478,3.3118541,1.9661665,0.4155893,0.0,0.0,0.4437878,0.16227292,0.94365835,2.4203932,0.0,0.0,0.0,0.0,0.059214883,2.0523648,0.0,0.0,0.0,0.0,0.0,0.0,0.7579897,0.0,3.046917,0.0,1.4207027,3.9291291,0.0,0.0,1.015975,0.0,1.1239874,0.0,1.1626012,0.5484012,1.2340748,0.9872377,1.502073,2.3755934,0.0,0.0
49,0.0,0.0,1.3339071,0.0,1.7858797,3.3273494,0.0,1.4668968,2.049259,0.0,0.0,0.0,0.0,2.8421898,0.0,0.0,0.0,4.1028295,2.252545,4.4071684,0.0,0.0,4.9669023,0.0,0.0,0.0,0.0,0.0,0.0,0.0,0.0,0.0,6.4317245,5.0696077,0.0,0.0,0.0,0.0,5.386442,2.309124,2.7367218,2.9744463,0.0,0.0,0.0,4.0504637,2.292849,3.7327003,0.0,0.0,0.0,0.0,2.5576708,1.3284291,0.0,0.0,0.0,0.8571086,0.0,0.0,1.1794982,0.0,5.1012154,0.0,2.1136,6.4444723,0.0,0.0,2.0188446,0.0,2.9598372,0.0,2.6219182,0.6240426,1.819378,0.82718456,1.3955379,3.2438607,0.0,0.0
50,0.0,0.0,1.2165345,0.0,2.1046739,2.6750827,0.0,1.8851137,2.0359745,0.0,0.0,0.0,0.0,2.6437757,0.0,0.0,0.0,3.9174626,2.1368535,3.8090415,0.0,0.0,9.2314005,0.0,0.0,0.0,0.0,0.0,0.0,0.0,0.0,0.0,6.1411324,4.240853,0.0,0.0,0.0,0.0,4.3254986,8.537006,1.5810797,1.768322,0.0,0.0,0.0,2.5007439,1.3923111,2.003958,0.0,0.0,0.0,0.0,1.4948614,0.6960371,0.0,0.0,0.0,0.85600907,0.0,0.0,1.097784,0.0,5.424316,0.0,2.012366,7.137605,0.0,0.0,2.2232878,0.0,2.7282088,0.0,2.4221451,0.71083415,1.8721039,1.3323053,1.8257787,3.8076465,0.0,0.0
51,0.0,0.0,1.3838613,0.0,2.361977,3.3490896,0.0,2.0051653,2.3515718,0.0,0.0,0.0,0.0,3.0823712,0.0,0.0,0.0,4.2917433,2.2877107,4.8354936,0.0,0.0,7.4823794,0.0,0.0,0.0,0.0,0.0,0.0,0.0,0.0,0.0,8.049789,3.9674866,0.0,0.0,0.0,0.0,3.170488,8.543968,2.9947085,1.7939245,0.0,0.0,0.0,1.534515,1.4254414,3.859777,0.0,0.0,0.0,0.0,0.5135878,2.6376903,0.0,0.0,0.0,0.0,0.0,0.0,1.4941754,0.0,5.339834,0.0,2.6705787,6.7911115,0.0,0.0,1.8081058,0.0,2.4211404,0.0,2.4195366,0.956689,2.480067,1.4794183,2.2542262,3.9028032,0.0,0.0
52,0.0,0.0,1.6416514,0.0,1.7293186,0.42273906,0.0,2.4475236,2.7575104,0.0,0.0,0.0,0.0,2.3727887,0.0,0.0,0.0,5.294571,2.636438,1.6921399,0.0,0.0,9.804874,0.0,0.0,0.0,0.0,0.0,0.570796,0.0,0.0,0.0,10.470637,1.4898864,0.0,0.0,0.0,0.0,2.5682206,7.8056,2.731469,2.530743,0.0,0.0,0.06710154,2.177371,0.30338413,2.5439532,0.0,0.0,0.0,0.0,0.30283323,1.4635041,0.0,0.0,0.0,0.0,0.0,0.0,0.3676612,0.0,4.3548775,0.0,0.7978973,5.7624493,0.0,0.0,2.180822,0.0,2.3073077,0.0,1.303119,0.6025368,0.42373487,0.56001997,0.9204625,2.8493333,0.0,0.0
53,0.0,0.0,1.0593132,0.0,2.4079266,1.9589702,0.0,1.7018083,1.3796201,0.0,0.0,0.0,0.0,2.3307955,0.0,0.0,0.0,3.3036094,2.341439,2.5346627,0.0,0.0,2.6636913,0.0,0.0,0.0,0.0,0.0,0.0,0.0,0.0,0.0,3.5542579,4.896077,0.0,0.0,0.0,0.0,3.1588306,3.75503,1.518922,0.24181518,0.0,0.0,0.6026805,0.061492547,0.6103685,1.5528617,0.0,0.0,0.0,0.0,0.0,1.5034074,0.0,0.0,0.0,0.0,0.0,0.0,0.91912466,0.0,3.8987768,0.0,1.6801771,4.9859114,0.0,0.0,1.4489703,0.0,1.9250983,0.0,1.7611916,0.56081885,1.4360194,0.90768445,1.4122589,2.7014165,0.0,0.0
54,0.0,0.0,1.7220304,0.0,1.7951899,3.043056,0.0,2.2215734,2.8738828,0.0,0.0,0.0,0.0,2.598983,0.0,0.0,0.0,4.581924,2.079781,4.839296,0.0,0.0,12.322917,0.0,0.0,0.0,0.0,0.0,0.0,0.0,0.0,0.0,6.3161407,6.993245,0.0,0.0,0.0,0.0,7.792281,9.443124,2.5960772,1.593078,0.0,0.0,0.563513,1.0620923,0.0,1.9346614,0.0,0.0,0.0,0.0,0.0,1.6018409,0.0,0.0,0.0,0.0,0.0,0.0,1.4018745,0.0,6.81764,0.0,2.5116227,8.702639,0.0,0.0,2.6965325,0.0,2.185743,0.0,0.71949536,1.7952776,1.2931219,1.4720392,2.782587,5.272713,0.0,0.0
55,0.0,0.0,2.2756078,0.0,0.48229828,2.154002,0.0,2.4084747,3.416662,0.0,0.0,0.0,0.0,1.77999,0.0,0.0,0.0,5.415955,1.8940179,3.8162823,0.0,0.0,8.32788,0.0,0.0,0.0,0.0,0.0,0.0,0.0,0.0,0.0,5.4676414,4.630649,0.0,0.0,0.0,0.0,6.0530167,4.2305584,3.0186222,1.9034988,0.0,0.0,0.38691798,1.3727413,0.27645564,2.7923536,0.0,0.0,0.0,0.0,0.03854256,2.074036,0.0,0.0,0.0,0.0,0.0,0.0,0.89253104,0.0,5.17634,0.0,1.7043747,6.834598,0.0,0.0,2.0734105,0.0,1.1099759,0.0,0.021819666,1.4734643,0.83272976,1.5568168,2.5652657,4.4291987,0.0,0.0
56,0.0,0.0,2.3144588,0.0,1.859715,1.1794517,0.0,3.2920928,3.220692,0.0,0.0,0.0,0.0,2.8770318,0.0,0.0,0.0,7.036212,3.287594,2.2222102,0.0,0.0,13.365775,0.0,0.0,0.0,0.0,0.0,0.0,0.0,0.0,0.0,12.113868,2.456913,0.0,0.0,0.0,0.0,6.309993,4.978284,2.717655,2.4442122,0.0,0.0,0.0,2.173488,0.6709571,2.8792384,0.0,0.0,0.0,0.0,0.3994843,1.7279971,0.0,0.0,0.0,0.0,0.0,0.0,0.78304917,0.0,6.504827,0.0,1.4534478,8.243038,0.0,0.0,3.1124015,0.0,2.7301805,0.0,0.500672,1.6340646,0.28822374,0.61054426,1.6797411,4.5178366,0.0,0.0
57,0.0,0.0,1.2078855,0.0,1.4454072,3.7291422,0.0,0.9071571,1.855153,0.0,0.0,0.0,0.0,2.8250973,0.0,0.0,0.0,3.5472171,1.9990177,4.862411,0.0,0.0,4.2770243,0.0,0.0,0.0,0.0,0.0,0.0,0.0,0.0,0.0,7.2964034,2.90535,0.0,0.0,0.0,0.0,2.6284423,4.0578294,3.6043034,1.0373198,0.0,0.0,0.0,2.0258925,4.0921297,6.7176642,0.0,0.0,0.0,0.0,3.1476798,4.0677605,0.0,0.0,0.0,0.0,0.0,0.0,1.2975143,0.0,4.221618,0.0,2.3322878,5.178578,0.0,0.0,1.3981994,0.0,3.1430256,0.0,3.824044,0.30364436,3.0655038,0.94789696,1.2035589,2.4619985,0.0,0.0
58,0.0,0.0,1.8441402,0.0,1.7553673,2.491021,0.0,2.6450026,3.0706255,0.0,0.0,0.0,0.0,2.4601157,0.0,0.0,0.0,4.992684,2.0826612,4.26471,0.0,0.0,13.168191,0.0,0.0,0.0,0.0,0.0,0.0,0.0,0.0,0.0,8.460546,5.817674,0.0,0.0,0.0,0.0,7.898534,7.7215357,3.0387712,2.659751,0.0,0.0,0.0,2.7739494,1.4544721,3.7627287,0.0,0.0,0.0,0.0,1.1026915,2.0070603,0.0,0.0,0.0,0.0,0.0,0.0,1.3513514,0.0,6.0783205,0.0,2.46816,7.899015,0.0,0.0,2.2466705,0.0,1.5857008,0.0,0.6203219,1.6085372,1.4371772,1.7560221,2.9591115,5.011411,0.0,0.0
59,0.0,0.0,1.43407,0.0,1.9637604,3.5584316,0.0,1.48163,2.0742147,0.0,0.0,0.0,0.0,3.0638847,0.0,0.0,0.0,4.368873,2.5513785,4.5927863,0.0,0.0,3.7596693,0.0,0.0,0.0,0.0,0.0,0.0,0.0,0.0,0.0,5.6391535,5.1771884,0.0,0.0,0.0,0.0,4.5354605,2.396148,2.2989414,1.132561,0.0,0.0,0.0,1.3850482,1.8830074,3.3454792,0.0,0.0,0.0,0.0,1.0801259,2.2205703,0.0,0.0,0.0,0.0,0.0,0.0,0.9124225,0.0,3.9309938,0.0,1.6959492,5.113197,0.0,0.0,1.4397272,0.0,1.7212433,0.0,1.6358061,0.6194227,1.5101197,1.1270995,1.6381423,2.9207654,0.0,0.0
60,0.0,0.0,0.08988706,0.0,2.1607308,2.1397073,0.0,0.0708823,0.0,0.0,0.24260673,0.0,0.0,1.7812911,0.0,0.0,0.35763326,0.78305227,1.5741534,2.2224584,1.3723011,0.0,0.12378759,0.0,0.0,0.0,1.3631674,0.0,0.0,0.0,0.0,0.0,1.3425144,5.2821565,0.0,0.0,0.0,0.0,2.731266,4.26681,2.432504,0.0,0.0,0.0,0.36352637,0.0,3.3104959,4.6952233,0.0,0.0,0.0,0.0,1.3619995,3.7006767,0.0,0.0,1.2127589,0.0,0.23636119,0.0,2.0815737,0.0,4.1451483,0.0,3.6186082,4.590227,0.0,0.0,0.4823268,0.0,1.3138851,0.0,2.0491886,1.2864811,3.355251,1.4857038,2.7843044,3.2647495,0.0,0.0
61,0.0,0.0,1.6650581,0.0,2.1658993,2.5500104,0.0,2.3369677,2.4481437,0.0,0.0,0.0,0.0,2.706955,0.0,0.0,0.0,4.799963,2.5305352,3.7669444,0.0,0.0,7.22234,0.0,0.0,0.0,0.0,0.0,0.0,0.0,0.0,0.0,5.6578035,3.6731594,0.0,0.0,0.0,0.0,4.9954505,3.6420028,3.2424824,1.3689252,0.0,0.0,0.0,0.811761,1.3471125,4.142681,0.0,0.0,0.0,0.0,0.050089207,3.218009,0.0,0.0,0.0,0.0,0.0,0.0,1.1247838,0.0,5.0490155,0.0,2.0312502,6.399997,0.0,0.0,1.9530404,0.0,2.2419608,0.0,1.5780323,0.957973,1.3845266,0.9933957,1.7692101,3.5782447,0.0,0.0
62,0.0,0.0,2.2108607,0.0,0.4869198,2.743694,0.0,1.7081051,2.8490417,0.0,0.0,0.0,0.0,2.1946924,0.0,0.0,0.0,5.4338636,2.4322073,3.7805135,0.0,0.0,7.14559,0.0,0.0,0.0,0.0,0.0,0.0,0.0,0.0,0.0,7.385787,3.1740694,0.0,0.0,0.0,0.0,5.665267,1.0059853,3.0167203,2.4162486,0.0,0.0,0.0,2.2978,1.2314029,3.6093616,0.0,0.0,0.0,0.0,0.7081003,2.1740363,0.0,0.0,0.0,0.0,0.0,0.0,0.91303855,0.0,5.013782,0.0,1.6587569,5.9473534,0.0,0.0,2.1625829,0.0,2.7754676,0.0,1.3529993,1.1199782,0.7594082,0.04302758,0.95862865,2.998539,0.0,0.0
63,0.0,0.0,1.4891795,0.0,2.532808,0.8563415,0.0,2.419175,1.831872,0.0,0.0,0.0,0.0,3.141252,0.0,0.0,0.0,5.7292423,3.4783068,1.0501826,0.0,0.0,5.6590347,0.0,0.0,0.0,0.0,0.0,1.0643313,0.0,0.0,0.0,10.109096,0.0,0.0,0.0,0.0,0.0,2.0597596,1.4857417,2.665221,2.2428753,0.0,0.0,0.0,1.9884056,0.742717,3.0089865,0.0,0.0,0.0,0.0,0.41880554,1.8361837,0.0,0.0,0.0,0.0,0.0,0.0,0.39314106,0.0,4.1859283,0.0,0.9050509,5.778712,0.0,0.0,2.038257,0.0,2.6236537,0.0,2.4550092,0.18322934,1.2051724,0.948027,0.8745003,2.6878157,0.0,0.0
64,0.0,0.0,2.005797,0.0,2.2021658,3.1926596,0.0,2.7801642,3.3527763,0.0,0.0,0.0,0.0,2.895778,0.0,0.0,0.0,5.294171,2.3713284,5.2955523,0.0,0.0,13.180486,0.0,0.0,0.0,0.0,0.0,0.0,0.0,0.0,0.0,7.8343606,6.2152877,0.0,0.0,0.0,0.0,8.210504,7.783713,2.294777,2.2475915,0.0,0.0,0.0,2.1099107,0.5985546,2.3233278,0.0,0.0,0.0,0.0,0.47252145,1.3060553,0.0,0.0,0.0,0.0,0.0,0.0,1.4223644,0.0,6.9244213,0.0,2.5237675,8.5998,0.0,0.0,2.8120248,0.0,2.814594,0.0,1.1565268,1.748335,1.2900709,0.98574543,2.2796721,4.9155903,0.0,0.0
65,0.0,0.0,1.0275904,0.0,1.1539761,2.3881078,0.0,1.5658631,2.30145,0.0,0.0,0.0,0.0,1.6685889,0.0,0.0,0.0,2.4759488,0.66472393,4.34585,0.0,0.0,3.4741645,0.0,0.0,0.0,0.0,0.0,1.6856493,0.0,0.0,0.0,6.9845243,1.0731765,0.0,0.0,2.0001013,0.0,0.0,7.3419394,4.9189563,3.2821388,0.0,0.0,0.0,4.269323,4.044815,7.905581,0.0,0.0,0.0,0.0,3.5853922,4.054025,0.0,0.0,0.0,0.0,0.0,0.0,1.3285971,0.0,4.3195195,0.0,2.3568807,5.259172,0.0,0.0,1.4308335,0.0,2.9998066,0.0,3.4937484,0.41166568,2.8340032,0.8980545,1.2841187,2.57519,0.0,0.0
66,0.0,0.0,1.9848076,0.0,0.6704695,1.0782533,0.0,3.0478568,3.7687786,0.0,0.0,0.0,0.0,1.6293037,0.0,0.0,0.0,5.209373,1.2429289,3.3774881,0.0,0.0,6.213001,0.0,0.0,0.0,0.0,0.0,0.0,0.0,0.0,0.0,7.8657894,2.305537,0.0,0.0,0.0,0.0,3.008239,4.5050206,5.085873,3.9601586,0.0,0.0,0.0,4.4145365,3.0909007,7.426377,0.0,0.0,0.0,0.0,2.6477995,3.7440295,0.0,0.0,0.0,0.0,0.0,0.0,0.7899451,0.0,3.7736754,0.0,1.5012587,4.956744,0.0,0.0,1.4992458,0.0,2.4015486,0.0,2.7400732,0.2441401,2.0325503,1.032205,1.1721108,2.457464,0.0,0.0
67,0.0,0.0,0.24246693,0.0,1.4829173,2.0195422,0.0,0.31179488,0.9837894,0.0,0.78200114,0.0,0.0,1.3130816,0.0,0.0,0.0,0.55236113,0.57831085,3.3156762,0.0,0.0,0.0,0.0,0.0,0.0,1.8855999,0.0,1.1373508,0.0,0.0,0.12909497,3.4129627,2.1458256,0.0,0.0,2.6175544,0.0,0.0,6.9492173,4.115894,1.1322687,0.0,0.0,0.0,2.020265,4.39929,7.70437,0.0,0.0,0.0,0.0,3.3022387,4.706666,0.0,0.0,0.0,0.0,0.0,0.0,1.8519876,0.0,4.226539,0.0,3.2405887,4.854997,0.0,0.0,0.882627,0.0,2.8126345,0.0,4.0495086,0.6253472,4.1124587,1.2768081,1.8772185,2.6666853,0.0,0.0
68,0.0,0.0,2.4765832,0.0,0.8137523,3.503069,0.0,2.0090835,3.3876631,0.0,0.0,0.0,0.0,2.655651,0.0,0.0,0.0,6.002597,2.6417954,5.069648,0.0,0.0,9.660473,0.0,0.0,0.0,0.0,0.0,0.0,0.0,0.0,0.0,7.1938367,3.8159013,0.0,0.0,0.0,0.0,7.1370716,1.5188491,2.0185952,2.1671686,0.0,0.0,0.0,2.39553,0.94964695,2.1882153,0.0,0.0,0.0,0.0,0.8977693,1.0058341,0.0,0.0,0.0,0.0,0.0,0.0,1.193837,0.0,6.28263,0.0,2.139767,7.7936835,0.0,0.0,2.653566,0.0,2.880153,0.0,1.3645601,1.4364897,1.111794,0.7041795,1.7891376,4.2587047,0.0,0.0
69,0.0,0.0,1.0432497,0.0,1.6027962,0.5914216,0.0,2.0615685,2.0663137,0.0,0.0,0.0,0.0,1.6525171,0.0,0.0,0.0,3.4159074,1.5726377,1.7605634,0.0,0.0,7.8606887,0.0,0.0,0.0,0.0,0.0,0.0,0.0,0.0,0.0,6.1469502,3.3515217,0.0,0.0,0.0,0.0,2.9595237,8.348369,3.6239526,1.8281891,0.0,0.0,0.38254339,1.0909932,0.4778755,3.614669,0.0,0.0,0.0,0.0,0.0,2.8258622,0.0,0.0,0.0,0.0,0.0,0.0,0.41289747,0.0,3.9147062,0.0,0.8944711,5.3673596,0.0,0.0,1.8530904,0.0,2.031262,0.0,1.635838,0.3559717,0.8274091,0.91633654,1.110312,2.6967626,0.0,0.0
70,0.0,0.0,1.1273584,0.0,1.3014807,2.4475236,0.0,1.6408429,2.1801581,0.0,0.0,0.0,0.0,1.9905064,0.0,0.0,0.0,3.1470957,1.1872635,3.9936976,0.0,0.0,2.6177187,0.0,0.0,0.0,0.0,0.0,0.0,0.0,0.0,0.0,6.8247514,3.146423,0.0,0.0,0.0,0.0,1.0927235,6.406328,3.029312,1.9625021,0.0,0.0,0.0,1.9502975,1.7624468,4.3050737,0.0,0.0,0.0,0.0,1.0620255,2.6003752,0.0,0.0,0.0,0.0,0.0,0.0,0.94042706,0.0,3.8238146,0.0,1.7385222,4.86952,0.0,0.0,1.3500708,0.0,1.811894,0.0,1.7748668,0.5822005,1.5649089,0.9886812,1.5190856,2.7066822,0.0,0.0
71,0.0,0.0,1.6559458,0.0,2.4467993,1.488258,0.0,2.579791,2.2123423,0.0,0.0,0.0,0.0,3.0079005,0.0,0.0,0.0,5.607695,3.189408,2.1184273,0.0,0.0,7.6383095,0.0,0.0,0.0,0.0,0.0,1.1556907,0.0,0.0,0.0,10.790004,0.5320326,0.0,0.0,0.0,0.0,1.6540112,5.4404955,2.4604592,1.5975385,0.0,0.0,0.14636263,1.2392886,0.72174335,2.7417474,0.0,0.0,0.0,0.0,0.15453719,1.9714996,0.0,0.0,0.0,0.0,0.0,0.0,0.66504294,0.0,4.7577653,0.0,1.2459457,6.2072234,0.0,0.0,2.3004837,0.0,3.1826167,0.0,2.478,0.34218967,1.0651169,0.4687536,0.70178497,2.773926,0.0,0.0
72,0.0,0.0,2.319114,0.0,1.292311,3.2171118,0.0,2.3961232,3.353406,0.0,0.0,0.0,0.0,2.7989192,0.0,0.0,0.0,6.047587,2.6579547,4.802345,0.0,0.0,9.723689,0.0,0.0,0.0,0.0,0.0,0.0,0.0,0.0,0.0,9.363843,2.0745692,0.0,0.0,0.0,0.0,4.975674,3.477381,3.121854,2.2302191,0.0,0.0,0.0,2.0148232,1.306676,3.936931,0.0,0.0,0.0,0.0,0.6544185,2.4630287,0.0,0.0,0.0,0.0,0.0,0.0,0.57143,0.0,5.015924,0.0,1.1542796,6.6574507,0.0,0.0,2.4879375,0.0,3.2610178,0.0,2.479544,0.40304554,1.0179186,0.5609207,0.7686471,2.9983792,0.0,0.0
73,0.0,0.0,1.5215162,0.0,2.170848,2.9166815,0.0,2.1142008,2.412844,0.0,0.0,0.0,0.0,2.7924638,0.0,0.0,0.0,4.4270325,2.361333,4.292278,0.0,0.0,7.3434715,0.0,0.0,0.0,0.0,0.0,0.0,0.0,0.0,0.0,6.088834,3.9929216,0.0,0.0,0.0,0.0,5.011661,4.3154964,2.606062,1.2669277,0.0,0.0,0.052500933,0.8621484,1.1011906,3.2149456,0.0,0.0,0.0,0.0,0.06616944,2.4959915,0.0,0.0,0.0,0.0,0.0,0.0,1.3529553,0.0,5.722712,0.0,2.3874972,6.977493,0.0,0.0,2.2397916,0.0,3.159718,0.0,2.277472,1.0197362,1.6609617,0.5938219,1.4527946,3.5902557,0.0,0.0
74,0.0,0.0,1.868693,0.0,2.4006212,3.2131827,0.0,2.4465744,2.8108184,0.0,0.0,0.0,0.0,3.1435566,0.0,0.0,0.0,5.1798673,2.7244737,4.8052716,0.0,0.0,10.586025,0.0,0.0,0.0,0.0,0.0,0.0,0.0,0.0,0.0,10.138536,2.0328126,0.0,0.0,0.0,0.0,4.6379356,4.984945,2.8231196,1.3916644,0.0,0.0,0.0,1.3152664,1.7227504,4.0812845,0.0,0.0,0.0,0.0,0.7839076,2.7283614,0.0,0.0,0.0,0.0,0.0,0.0,1.1236812,0.0,5.090679,0.0,2.0630043,6.4767876,0.0,0.0,2.1094542,0.0,3.577235,0.0,3.4323392,0.372225,2.1524289,0.70100653,1.0091736,2.9534683,0.0,0.0
75,0.0,0.0,1.4127488,0.0,2.8090303,1.3031236,0.0,2.1008735,1.604342,0.0,0.0,0.0,0.0,3.6179357,0.0,0.0,0.0,5.857056,3.9018676,1.2662756,0.0,0.0,7.4162455,0.0,0.0,0.0,0.0,0.0,1.4627336,0.0,0.0,0.0,11.720111,0.0,0.0,0.0,0.0,0.0,2.634959,1.6466508,3.5154011,3.4068701,0.0,0.0,0.0,3.7078266,1.641774,4.455981,0.0,0.0,0.0,0.0,1.5960743,2.0603433,0.0,0.0,0.0,0.0,0.0,0.0,0.14809604,0.0,3.7592387,0.0,0.46734887,5.05266,0.0,0.0,2.0280027,0.0,2.6613386,0.0,2.026793,0.17151421,0.4869312,0.29603836,0.2517215,2.0908332,0.0,0.0
76,0.0,0.0,0.8519256,0.0,1.1435664,2.3876574,0.0,1.2835492,1.8342363,0.0,0.0,0.0,0.0,1.9425315,0.0,0.0,0.0,2.633824,0.9281364,3.7685685,0.0,0.0,3.2754922,0.0,0.0,0.0,0.0,0.0,0.33179596,0.0,0.0,0.0,6.2698193,1.119094,0.0,0.0,0.09801714,0.0,0.4222762,4.7138343,4.351683,1.8582674,0.0,0.0,0.0,2.1621063,3.376849,7.1432605,0.0,0.0,0.0,0.0,2.2306123,4.4201794,0.0,0.0,0.0,0.0,0.0,0.0,1.8265659,0.0,5.5440674,0.0,3.2434514,6.818412,0.0,0.0,1.6865739,0.0,3.2579463,0.0,3.8771913,0.81462115,3.7046063,1.4830287,2.1475365,3.6824915,0.0,0.0
77,0.0,0.0,1.3095562,0.0,1.8335229,2.6186738,0.0,2.3219535,2.7216167,0.0,0.0,0.0,0.0,2.4051876,0.0,0.0,0.0,3.8589928,1.3855705,4.5986347,0.0,0.0,6.5788445,0.0,0.0,0.0,0.0,0.0,0.0,0.0,0.0,0.0,8.115271,1.7003384,0.0,0.0,0.0,0.0,1.9638801,6.1179056,4.612941,3.197038,0.0,0.0,0.0,3.2835808,2.5622091,6.751276,0.0,0.0,0.0,0.0,1.8756751,3.7218344,0.0,0.0,0.0,0.0,0.0,0.0,1.1764995,0.0,4.359959,0.0,2.1261837,5.63015,0.0,0.0,1.4975605,0.0,2.2298455,0.0,2.6227357,0.59139365,2.5128493,1.4322647,1.8639915,3.1510336,0.0,0.0
78,0.0,0.0,1.8895667,0.0,2.418698,3.1005862,0.0,1.9445436,2.0214002,0.0,0.0,0.0,0.0,3.473835,0.0,0.0,0.0,5.7559443,3.7191885,3.4535975,0.0,0.0,6.6851215,0.0,0.0,0.0,0.0,0.0,0.0,0.0,0.0,0.0,7.3849573,1.3627644,0.0,0.0,0.0,0.0,3.6461082,1.4383011,3.575229,1.5952096,0.0,0.0,0.20046756,0.8619392,0.7211971,3.7464342,0.0,0.0,0.0,0.0,0.0,3.08433,0.0,0.0,0.0,0.0,0.0,0.0,0.5449691,0.0,3.527192,0.0,1.080843,4.6170425,0.0,0.0,1.6096523,0.0,2.480906,0.0,2.2845676,0.13538142,1.1156075,0.47149816,0.6008505,2.03907,0.0,0.0
79,0.0,0.0,1.9793361,0.0,2.6814075,1.7906445,0.0,3.3835282,2.620941,0.0,0.0,0.0,0.0,3.4559186,0.0,0.0,0.0,6.8842816,3.5220501,2.3810706,0.0,0.0,11.478153,0.0,0.0,0.0,0.0,0.0,0.0,0.0,0.0,0.0,12.18008,2.3968031,0.0,0.0,0.0,0.0,4.8100843,6.444465,2.8032966,2.8314707,0.0,0.0,0.37468535,2.3111622,0.0,2.0595303,0.0,0.0,0.0,0.0,0.17222905,0.75930697,0.0,0.0,0.0,0.0,0.0,0.0,0.06528671,0.0,3.7993393,0.0,0.33638376,5.3250346,0.0,0.0,2.0519412,0.0,1.8982455,0.0,1.1452667,0.3744731,0.16404,0.7259922,0.8238768,2.6208155,0.0,0.0
80,0.0,0.0,1.8541508,0.0,1.4684696,1.0827649,0.0,2.7092736,2.6947932,0.0,0.0,0.0,0.0,2.4565966,0.0,0.0,0.0,5.889434,2.6436255,1.9348813,0.0,0.0,8.791146,0.0,0.0,0.0,0.0,0.0,0.15879197,0.0,0.0,0.0,9.949884,1.3677676,0.0,0.0,0.0,0.0,3.670292,3.8553479,3.3260546,2.3470292,0.0,0.0,0.052906066,1.7138563,0.43582302,3.3391519,0.0,0.0,0.0,0.0,0.0027950872,2.3984368,0.0,0.0,0.0,0.0,0.0,0.0,0.61215883,0.0,4.811282,0.0,1.1803166,6.1354494,0.0,0.0,2.322114,0.0,2.9108388,0.0,1.82346,0.6662204,0.7501878,0.32973278,0.8028692,2.8853412,0.0,0.0
81,0.0,0.0,2.0073528,0.0,2.1721046,4.1856184,0.0,1.9350936,2.857007,0.0,0.0,0.0,0.0,3.449451,0.0,0.0,0.0,5.377823,3.0120156,5.7446737,0.0,0.0,8.809699,0.0,0.0,0.0,0.0,0.0,0.0,0.0,0.0,0.0,7.0690045,1.9219297,0.0,0.0,0.0,0.0,4.0469356,4.0995336,3.9584773,2.1856375,0.0,0.0,0.0,3.530831,4.3135533,6.9239316,0.0,0.0,0.0,0.0,3.814125,3.6435223,0.0,0.0,0.0,0.0,0.0,0.0,1.419614,0.0,5.3336086,0.0,2.5328882,6.5588865,0.0,0.0,1.9941418,0.0,3.8125098,0.0,3.8927453,0.46587515,2.7368214,0.7501191,1.1624618,3.013075,0.0,0.0
82,0.0,0.0,0.39444166,0.0,1.3399626,1.0878716,0.0,0.49171528,1.5979389,0.0,0.3122442,0.0,0.0,1.02454,0.0,0.0,0.0,0.5746964,0.45976385,3.0827641,0.0,0.0,2.210452,0.0,0.0,0.0,0.0,0.0,1.468598,0.0,0.0,0.0,4.089726,1.3798062,0.0,0.0,2.435011,0.0,0.0,7.195079,4.0577602,0.32865697,0.0,0.0,0.0,1.1175447,4.628969,7.784513,0.0,0.0,0.0,0.0,3.0403025,5.2021885,0.0,0.0,0.08028296,0.0,0.0,0.0,1.3087521,0.0,3.7367833,0.0,2.4027197,4.518724,0.0,0.0,1.1024429,0.0,3.3017364,0.0,4.4103146,0.13019244,3.5516155,0.8746872,0.9993619,1.9652548,0.0,0.0
83,0.0,0.0,1.595971,0.0,0.8476217,1.9067787,0.0,2.3504956,2.8829224,0.0,0.0,0.0,0.0,1.9086981,0.0,0.0,0.0,4.537208,1.337114,3.5045376,0.0,0.0,4.927782,0.0,0.0,0.0,0.0,0.0,0.0,0.0,0.0,0.0,8.099758,1.8557123,0.0,0.0,0.0,0.0,2.1719487,4.1754966,5.31888,4.2616577,0.0,0.0,0.0,5.052263,3.586632,7.9329696,0.0,0.0,0.0,0.0,3.3100278,3.8389087,0.0,0.0,0.0,0.0,0.0,0.0,1.0588107,0.0,4.6298895,0.0,1.9420718,6.0526834,0.0,0.0,1.7976494,0.0,2.7198265,0.0,2.9676256,0.44960392,2.3773832,1.2691988,1.563462,3.1175156,0.0,0.0
84,0.0,0.0,0.8992808,0.0,1.4444635,0.0,0.0,1.7185615,2.298729,0.0,0.0,0.0,0.0,1.3387227,0.0,0.0,0.0,2.760078,1.2249883,1.6930658,0.0,0.0,4.2012916,0.0,0.0,0.0,0.0,0.0,0.3897797,0.0,0.0,0.0,6.831873,0.9914629,0.0,0.0,0.0,0.0,0.75482935,4.8203053,5.3664045,3.7607298,0.0,0.0,0.0,4.01705,3.1657531,8.016355,0.0,0.0,0.0,0.0,2.4912899,4.2953086,0.0,0.0,0.0,0.0,0.0,0.0,0.96165895,0.0,4.4100986,0.0,1.7592162,5.5936446,0.0,0.0,1.813693,0.0,3.0140755,0.0,2.9136312,0.32587987,1.8291764,0.63938093,0.95032245,2.58747,0.0,0.0
85,0.0,0.0,2.1004248,0.0,1.9977012,1.1224451,0.0,3.060564,2.8836534,0.0,0.0,0.0,0.0,3.0273538,0.0,0.0,0.0,6.8393173,3.3836024,1.8938708,0.0,0.0,12.536849,0.0,0.0,0.0,0.0,0.0,0.019041993,0.0,0.0,0.0,13.02493,1.9257782,0.0,0.0,0.0,0.0,5.6468396,4.6258907,3.22501,3.2986217,0.0,0.0,0.0,3.2269878,0.89217746,3.564185,0.0,0.0,0.0,0.0,0.9341609,1.7417662,0.0,0.0,0.0,0.0,0.0,0.0,0.0,0.0,3.5086834,0.0,0.0,4.8284016,0.0,0.0,2.1030066,0.0,2.421256,0.0,1.5909159,0.17908436,0.0,0.1841751,0.0496455,1.9782248,0.0,0.0
86,0.0,0.0,1.9297307,0.0,2.3482454,0.7491957,0.0,2.815191,2.6385357,0.0,0.0,0.0,0.0,3.0879316,0.0,0.0,0.0,6.507457,3.641394,1.4679893,0.0,0.0,11.84924,0.0,0.0,0.0,0.0,0.0,0.92646223,0.0,0.0,0.0,12.126135,0.6171949,0.0,0.0,0.0,0.0,5.136815,2.3774881,3.3281302,3.1170566,0.0,0.0,0.0,2.5541391,0.25864896,3.1380153,0.0,0.0,0.0,0.0,0.21238793,1.8395642,0.0,0.0,0.0,0.0,0.0,0.0,0.30399945,0.0,4.0483723,0.0,0.67630553,5.2913857,0.0,0.0,2.1216133,0.0,2.7199132,0.0,1.8746524,0.34409565,0.501888,0.22124258,0.385395,2.3140574,0.0,0.0
87,0.0,0.0,1.4141603,0.0,2.919904,3.3849068,0.0,1.9337823,1.8414067,0.0,0.0,0.0,0.0,3.7281363,0.0,0.0,0.0,4.945423,3.246696,4.111084,0.0,0.0,7.5533,0.0,0.0,0.0,0.0,0.0,0.6147382,0.0,0.0,0.0,10.582077,1.1134727,0.0,0.0,0.0,0.0,1.9609915,5.85069,2.629908,1.5519353,0.0,0.0,0.03877288,1.1651114,0.9118471,2.9851007,0.0,0.0,0.0,0.0,0.09454274,2.270388,0.0,0.0,0.0,0.0,0.0,0.0,1.3529613,0.0,5.419366,0.0,2.4026477,6.7741027,0.0,0.0,2.0868247,0.0,3.2345839,0.0,2.8933842,0.6875511,2.0624113,0.7964275,1.432195,3.3843162,0.0,0.0
88,0.0,0.0,1.1405795,0.0,2.18482,3.7439609,0.0,1.073081,1.6311176,0.0,0.0,0.0,0.0,3.1215825,0.0,0.0,0.0,3.624402,2.4735835,4.648611,0.0,0.0,4.9857,0.0,0.0,0.0,0.0,0.0,0.0,0.0,0.0,0.0,5.4037013,3.4366703,0.0,0.0,0.0,0.0,3.2292376,4.5099716,2.997171,1.0206071,0.0,0.0,0.0,2.061007,3.6718137,5.437166,0.0,0.0,0.0,0.0,2.873361,3.2659786,0.0,0.0,0.0,0.0,0.0,0.0,1.7741365,0.0,5.843811,0.0,3.1043103,7.1717463,0.0,0.0,1.9964132,0.0,3.7005777,0.0,3.9578805,0.7468326,3.323423,1.1436942,1.7689462,3.6490817,0.0,0.0
89,0.0,0.0,2.0387518,0.0,0.9955609,2.6903722,0.0,1.9605483,2.6850803,0.0,0.0,0.0,0.0,2.5258565,0.0,0.0,0.0,5.575121,2.5935693,3.6265302,0.0,0.0,9.476881,0.0,0.0,0.0,0.0,0.0,0.0,0.0,0.0,0.0,7.4344344,3.7516067,0.0,0.0,0.0,0.0,6.7830787,2.2373374,2.4653707,2.8141272,0.0,0.0,0.0,2.966454,0.80017257,2.6447043,0.0,0.0,0.0,0.0,1.0204177,1.0820225,0.0,0.0,0.0,0.1121009,0.0,0.0,0.86316156,0.0,4.8688426,0.0,1.5459458,5.9856133,0.0,0.0,2.187003,0.0,3.0574687,0.0,2.0466206,0.70089275,0.9931058,0.18511182,0.7750428,2.794694,0.0,0.0
90,0.0,0.0,1.7271068,0.0,2.0611215,3.7778635,0.0,1.8061343,2.5994453,0.0,0.0,0.0,0.0,3.122527,0.0,0.0,0.0,4.7218957,2.5897472,5.284341,0.0,0.0,7.0056024,0.0,0.0,0.0,0.0,0.0,0.0,0.0,0.0,0.0,6.032567,5.499972,0.0,0.0,0.0,0.0,4.9234915,6.7589617,2.6590092,0.7343756,0.0,0.0,0.0,1.7923453,3.5328581,5.083427,0.0,0.0,0.0,0.0,2.8161254,3.0411265,0.0,0.0,0.0,0.0,0.0,0.0,1.7993329,0.0,6.43934,0.0,3.2078831,8.23874,0.0,0.0,2.1651158,0.0,2.3609428,0.0,2.0338042,1.4087126,2.5183876,1.8391056,2.9753828,4.996195,0.0,0.0
91,0.0,0.0,1.3451455,0.0,1.8959723,2.9501657,0.0,2.001246,2.5295622,0.0,0.0,0.0,0.0,2.5055616,0.0,0.0,0.0,3.744296,1.6878172,4.7653866,0.0,0.0,7.889621,0.0,0.0,0.0,0.0,0.0,0.0,0.0,0.0,0.0,6.091777,5.527421,0.0,0.0,0.0,0.0,4.999528,7.7582498,2.0154083,1.5718837,0.0,0.0,0.068157524,1.5558215,0.98201215,2.3209634,0.0,0.0,0.0,0.0,0.48991632,1.5086128,0.0,0.0,0.0,0.0,0.0,0.0,1.773199,0.0,6.730615,0.0,3.0921068,8.148356,0.0,0.0,2.387901,0.0,2.531449,0.0,1.2245747,1.8253889,1.7136196,1.0636855,2.5667045,4.8751507,0.0,0.0
92,0.0,0.0,1.6762823,0.0,1.5867943,3.6190329,0.0,1.559461,2.4615543,0.0,0.0,0.0,0.0,2.89767,0.0,0.0,0.0,4.5857196,2.3610823,4.9571877,0.0,0.0,7.09376,0.0,0.0,0.0,0.0,0.0,0.0,0.0,0.0,0.0,4.986557,6.8361306,0.0,0.0,0.0,0.0,6.5139084,5.1976757,2.3545597,1.0183685,0.0,0.0,0.0,1.7364633,2.7111611,4.025761,0.0,0.0,0.0,0.0,2.035922,2.423553,0.0,0.0,0.0,0.0,0.0,0.0,1.4353808,0.0,5.178315,0.0,2.572714,6.3937836,0.0,0.0,1.887212,0.0,3.6719058,0.0,3.8697188,0.46701366,2.8532708,0.8357402,1.2439454,3.002535,0.0,0.0
93,0.0,0.0,0.40726522,0.0,2.849692,1.6184242,0.0,0.97939235,0.8673867,0.0,0.0,0.0,0.0,2.4180422,0.0,0.0,0.0575805,1.9466,2.1171198,2.3682775,0.0,0.0,3.5427718,0.0,0.0,0.0,0.0,0.0,1.3815761,0.0,0.0,0.0,5.8522344,0.20833844,0.0,0.0,0.8167446,0.0,0.0,4.5823,3.0761056,1.4986022,0.0,0.0,0.0,1.4125136,1.9924997,4.6613774,0.0,0.0,0.0,0.0,0.99959147,3.0228841,0.0,0.0,0.0,0.0,0.0,0.0,2.0112092,0.0,5.168761,0.0,3.5532897,6.214114,0.0,0.0,1.1942246,0.0,2.2253258,0.0,2.9599378,1.1537763,3.7196152,1.7936227,2.7940965,3.8883772,0.0,0.0
94,0.0,0.0,2.6738918,0.0,1.4115537,2.020419,0.0,3.5454679,3.9724824,0.0,0.0,0.0,0.0,2.5495822,0.0,0.0,0.0,7.041645,2.7163837,3.8049893,0.0,0.0,12.10491,0.0,0.0,0.0,0.0,0.0,0.0,0.0,0.0,0.0,10.239433,3.906928,0.0,0.0,0.0,0.0,5.58512,8.474919,2.7064087,3.0712893,0.0,0.0,0.08270344,2.9127402,0.39043188,2.3685153,0.0,0.0,0.0,0.0,0.66046953,0.83780444,0.0,0.0,0.0,0.0,0.0,0.0,0.8301924,0.0,6.137484,0.0,1.516249,7.9113507,0.0,0.0,2.9353733,0.0,3.148466,0.0,1.6459566,1.044691,0.79084796,0.6847255,1.384438,4.0449643,0.0,0.0
95,0.0,0.0,2.6504793,0.0,0.5314208,3.8208754,0.0,1.7893019,3.682587,0.0,0.0,0.0,0.0,2.3998888,0.0,0.0,0.0,5.6410065,2.449785,5.819081,0.0,0.0,4.820915,0.0,0.0,0.0,0.0,0.0,0.0,0.0,0.0,0.0,6.1564474,2.8339992,0.0,0.0,0.0,0.0,3.0296743,3.744253,3.185775,1.9593705,0.0,0.0,0.0,2.5179088,2.6879349,4.9512362,0.0,0.0,0.0,0.0,2.0659344,2.7913544,0.0,0.0,0.0,0.0,0.0,0.0,1.602832,0.0,5.7267227,0.0,2.8064783,6.959055,0.0,0.0,2.0891562,0.0,3.7670991,0.0,3.5951364,0.68610847,2.6090207,0.69610393,1.3599329,3.3412967,0.0,0.0
96,0.0,0.0,2.033619,0.0,3.0323663,3.394548,0.0,2.3455036,2.3005006,0.0,0.0,0.0,0.0,3.922932,0.0,0.0,0.0,6.2685094,4.108143,3.9703302,0.0,0.0,7.394169,0.0,0.0,0.0,0.0,0.0,0.56912255,0.0,0.0,0.0,12.576261,0.6841985,0.0,0.0,0.0,0.0,3.4350626,1.4859138,2.0937934,1.4534409,0.0,0.0,0.0,1.7124689,1.508464,2.8592575,0.0,0.0,0.0,0.0,0.99595517,1.7041868,0.0,0.0,0.0,0.0,0.0,0.0,0.6321753,0.0,4.950262,0.0,1.2217995,6.5962176,0.0,0.0,2.4362512,0.0,3.3004997,0.0,2.69857,0.27429783,1.1575394,0.6203787,0.75589615,2.9596465,0.0,0.0
97,0.0,0.0,2.9954166,0.0,0.4539337,3.4863126,0.0,2.2968695,4.0071535,0.0,0.0,0.0,0.0,2.5592995,0.0,0.0,0.0,6.9105196,2.9262698,5.219615,0.0,0.0,10.28108,0.0,0.0,0.0,0.0,0.0,0.0,0.0,0.0,0.0,10.269197,2.8719127,0.0,0.0,0.0,0.0,5.9391966,3.4153988,3.009851,2.7167757,0.0,0.0,0.0,3.103395,1.791982,3.9264817,0.0,0.0,0.0,0.0,1.5273812,1.9258101,0.0,0.0,0.0,0.0,0.0,0.0,1.0049006,0.0,5.293687,0.0,1.8730019,6.8374934,0.0,0.0,2.2984343,0.0,3.5971885,0.0,3.3004405,0.36812282,1.924942,0.7718891,1.0374925,3.1106977,0.0,0.0
98,0.0,0.0,2.7494788,0.0,1.5500475,1.8025498,0.0,3.7798805,3.8774407,0.0,0.0,0.0,0.0,2.868334,0.0,0.0,0.0,7.7523317,3.1227605,3.2262053,0.0,0.0,14.132494,0.0,0.0,0.0,0.0,0.0,0.0,0.0,0.0,0.0,14.031668,3.381578,0.0,0.0,0.0,0.0,6.6781816,7.0412917,2.5166059,2.8107316,0.0,0.0,0.62721,2.3112617,0.0,1.5114257,0.0,0.0,0.0,0.0,0.15896854,0.22577038,0.0,0.0,0.0,0.0,0.0,0.0,0.3855355,0.0,5.283636,0.0,0.7381137,6.4862933,0.0,0.0,2.8107502,0.0,2.9654481,0.0,0.7600124,1.1544988,0.0,0.0,0.5244955,3.0803854,0.0,0.0
99,0.0,0.0,2.488078,0.0,0.4539269,4.258331,0.0,1.252052,3.2852395,0.0,0.0,0.0,0.0,2.6564507,0.0,0.0,0.0,5.490915,2.6269112,5.889404,0.0,0.0,4.540565,0.0,0.0,0.0,0.0,0.0,0.0,0.0,0.0,0.0,6.3942657,3.21767,0.0,0.0,0.0,0.0,3.1405792,3.8538554,3.0172825,1.526545,0.0,0.0,0.0,2.8162327,3.7251143,5.454994,0.0,0.0,0.0,0.0,3.3075516,2.9066868,0.0,0.0,0.0,0.0,0.0,0.0,1.4542621,0.0,4.954357,0.0,2.5473416,5.9660263,0.0,0.0,1.7296767,0.0,3.154283,0.0,3.053067,0.64357793,2.3100052,0.63908637,1.3004975,2.9503922,0.0,0.0
100,0.0,0.0,2.2133157,0.0,0.2265763,1.9562596,0.0,2.251545,3.1063337,0.0,0.0,0.0,0.0,1.8803331,0.0,0.0,0.0,5.7298512,2.056056,3.1040325,0.0,0.0,10.189346,0.0,0.0,0.0,0.0,0.0,0.0,0.0,0.0,0.0,8.413401,3.6177585,0.0,0.0,0.0,0.0,6.3476825,3.870057,2.5842955,2.5033352,0.0,0.0,0.0,2.26762,0.5503794,2.608281,0.0,0.0,0.0,0.0,0.43222108,1.4728494,0.0,0.0,0.0,0.0,0.0,0.0,0.8858664,0.0,5.9046693,0.0,1.5890388,7.0370283,0.0,0.0,2.8156698,0.0,3.9260116,0.0,2.0759451,1.0464435,0.6851096,0.0,0.45865807,3.1127264,0.0,0.0
101,0.0,0.0,1.7047284,0.0,2.5055487,1.2698648,0.0,2.6795428,2.1815999,0.0,0.0,0.0,0.0,3.4614758,0.0,0.0,0.0,6.470736,3.6633074,1.5511402,0.0,0.0,9.134263,0.0,0.0,0.0,0.0,0.0,2.6574304,0.0,0.0,0.0,13.013993,0.0,0.0,0.0,0.0,0.0,2.3059275,2.343401,2.7657604,2.6730647,0.0,0.0,0.0,2.551697,0.80177426,2.9584084,0.0,0.0,0.0,0.0,0.65763944,1.6198734,0.0,0.0,0.0,0.0,0.0,0.0,0.029020254,0.0,3.619145,0.0,0.28383487,4.944697,0.0,0.0,2.0509932,0.0,2.8676815,0.0,2.3547468,0.0,0.44676644,0.2168545,0.0,1.8482349,0.0,0.0
102,0.0,0.0,1.0377246,0.0,3.7659442,2.8134885,0.0,1.9813623,1.1136438,0.0,0.0,0.0,0.0,3.8443167,0.0,0.0,0.0,4.422665,3.517042,3.0096989,0.0,0.0,6.181982,0.0,0.0,0.0,0.0,0.0,0.90948004,0.0,0.0,0.0,11.270865,0.2199412,0.0,0.0,0.0,0.0,2.391956,1.7480669,3.0294816,1.1202044,0.0,0.0,0.0,1.5391537,2.7663429,5.050856,0.0,0.0,0.0,0.0,1.825364,3.2187102,0.0,0.0,0.0,0.0,0.0,0.0,1.4670497,0.0,5.477062,0.0,2.6095722,6.8261714,0.0,0.0,2.0709178,0.0,4.0192866,0.0,4.284086,0.41790575,3.0966659,0.90165377,1.2151934,3.1316743,0.0,0.0
103,0.0,0.0,1.4563476,0.0,2.6932836,0.0,0.0,1.8055835,1.8184606,0.0,0.0,0.0,0.0,2.8885367,0.0,0.0,1.1514236,5.315772,4.06946,0.0,0.0,0.0,7.933336,0.0,0.0,0.0,0.0,0.0,2.5273418,0.0,0.0,0.0,10.82514,0.0,0.0,0.0,0.0,0.0,1.7853906,2.1780102,3.6719189,3.2841103,0.0,0.0,0.0,2.599289,0.3691756,3.8270168,0.0,0.0,0.0,0.0,0.1915084,2.3506649,0.0,0.0,0.0,0.0,0.0,0.0,0.22175044,0.0,5.034921,0.0,0.5324148,6.3889194,0.0,0.0,2.7531598,0.0,2.9630234,0.0,1.0833915,0.9113486,0.0,0.0,0.43839645,2.9458144,0.0,0.0
104,0.0,0.0,1.1224694,0.0,2.9469543,2.1610422,0.0,1.9832808,1.1689808,0.0,0.0,0.0,0.0,3.317495,0.0,0.0,0.0,4.6988945,3.276152,2.0621881,0.0,0.0,4.876194,0.0,0.0,0.0,0.0,0.0,0.7637454,0.0,0.0,0.0,9.376393,0.66948557,0.0,0.0,0.0,0.0,0.9096382,4.474909,2.6994338,1.8307712,0.0,0.0,0.0,1.4385284,0.8544475,3.116132,0.0,0.0,0.0,0.0,0.16070288,2.20737,0.0,0.0,0.0,0.0,0.0,0.0,1.2433628,0.0,5.459454,0.0,2.2234786,6.715872,0.0,0.0,2.1894808,0.0,3.3247275,0.0,2.6048663,0.80639225,1.7118257,0.5218244,1.2246028,3.246801,0.0,0.0
105,0.0,0.0,0.12823045,0.0,1.428823,0.11990356,0.0,0.2903713,0.9395136,0.0,0.0,0.07552319,0.0,0.95134205,0.0,0.0,0.4572725,0.55732393,0.8909565,1.2524692,0.0,0.0,2.557463,0.0,0.0,0.0,0.0,0.0,0.0,0.0,0.0,0.0,3.926819,2.5139575,0.0,0.0,0.8812216,0.0,0.5110834,6.89921,3.751452,1.012673,0.0,0.0,0.0,0.9724378,2.8730605,6.498875,0.0,0.0,0.0,0.0,1.559032,4.3251467,0.0,0.0,0.0,0.0,0.0,0.0,2.6652365,0.0,6.949425,0.0,4.6082497,8.32906,0.0,0.0,1.7052088,0.0,2.2737434,0.0,2.3196418,1.9350653,3.7066708,2.037313,3.7685423,5.433284,0.0,0.0
106,0.0,0.0,1.8471801,0.0,2.401959,3.6639495,0.0,2.5122182,3.2796998,0.0,0.0,0.0,0.0,2.9202287,0.0,0.0,0.0,4.537878,2.109996,6.1245613,0.0,0.0,13.011975,0.0,0.0,0.0,0.0,0.0,0.0,0.0,0.0,0.0,7.7332535,7.4478755,0.0,0.0,0.0,0.0,7.8156996,10.855597,1.9113001,1.065365,0.0,0.0,0.13379344,1.1500728,1.3655537,2.6097834,0.0,0.0,0.0,0.0,0.6564942,1.7675488,0.0,0.0,0.0,0.0,0.0,0.0,1.6059432,0.0,5.6202707,0.0,2.8267915,6.703382,0.0,0.0,1.8556579,0.0,2.133521,0.0,1.2170271,1.5530268,1.7023042,0.9234605,2.2654865,4.0657234,0.0,0.0
107,0.0,0.0,1.0623555,0.0,2.3713453,2.7723198,0.0,1.8542328,2.022841,0.0,0.0,0.0,0.0,2.5067194,0.0,0.0,0.0,3.1200812,1.728943,4.3391843,0.0,0.0,8.148764,0.0,0.0,0.0,0.0,0.0,0.0,0.0,0.0,0.0,4.015582,4.679826,0.0,0.0,0.0,0.0,5.1421313,6.196579,3.2895112,0.3448192,0.0,0.0,0.0,0.8382199,3.5608814,6.050948,0.0,0.0,0.0,0.0,2.162224,4.150827,0.0,0.0,0.0,0.0,0.0,0.0,1.9492218,0.0,6.1811657,0.0,3.4834425,7.8235083,0.0,0.0,1.7751865,0.0,1.4363537,0.0,1.0659255,1.7566906,2.3946986,2.101888,3.547499,5.2579784,0.0,0.0
108,0.0,0.0,1.5386342,0.0,3.2597816,3.6526875,0.0,1.9689946,1.8884056,0.0,0.0,0.0,0.0,3.8596895,0.0,0.0,0.0,5.0891414,3.6083655,4.3754625,0.0,0.0,6.3375096,0.0,0.0,0.0,0.0,0.0,0.5751782,0.0,0.0,0.0,11.6560135,0.68978786,0.0,0.0,0.0,0.0,2.5768065,2.3105226,2.3133104,1.7394754,0.0,0.0,0.0,1.9524332,1.4844407,3.151466,0.0,0.0,0.0,0.0,1.0282621,1.7875804,0.0,0.0,0.0,0.0,0.0,0.0,1.2251816,0.0,5.5264297,0.0,2.2140965,7.0074964,0.0,0.0,2.290573,0.0,3.75007,0.0,3.445127,0.47038674,2.149754,0.719645,1.1200173,3.2282925,0.0,0.0
109,0.0,0.0,1.4013348,0.0,2.6310198,0.0,0.0,1.863293,1.6134821,0.0,0.0,0.0,0.0,2.9963055,0.0,0.0,0.5050678,5.323923,3.854823,0.15693066,0.0,0.0,6.3638,0.0,0.0,0.0,0.0,0.0,0.15505138,0.0,0.0,0.0,9.307461,1.2587411,0.0,0.0,0.0,0.0,2.356659,3.7956192,4.190202,2.9504616,0.0,0.0,0.0,2.6035395,1.6446623,5.3640437,0.0,0.0,0.0,0.0,0.8430084,3.326149,0.0,0.0,0.0,0.0,0.0,0.0,0.5453581,0.0,4.5106206,0.0,1.0432209,5.6923437,0.0,0.0,2.2747345,0.0,3.4062674,0.0,2.4825356,0.34134483,0.8265777,0.0,0.22197098,2.292113,0.0,0.0
110,0.0,0.0,2.1896367,0.0,2.0749373,2.7397988,0.0,2.8616002,3.1679332,0.0,0.0,0.0,0.0,2.991975,0.0,0.0,0.0,6.0819006,2.9150114,4.211009,0.0,0.0,10.792911,0.0,0.0,0.0,0.0,0.0,0.0,0.0,0.0,0.0,9.417726,4.7950506,0.0,0.0,0.0,0.0,7.148834,4.713354,2.0819592,1.8714417,0.0,0.0,0.053280354,1.782761,0.7334902,2.2132814,0.0,0.0,0.0,0.0,0.4424254,1.3494723,0.0,0.0,0.0,0.0,0.0,0.0,0.94564784,0.0,5.618949,0.0,1.7360924,7.135648,0.0,0.0,2.4693935,0.0,2.7126803,0.0,1.4813762,1.1103225,1.0454365,0.7604488,1.5412617,3.7933128,0.0,0.0
111,0.0,0.0,2.9504929,0.0,0.116048336,3.47202,0.0,2.1870127,4.1439395,0.0,0.0,0.0,0.0,2.2530212,0.0,0.0,0.0,6.413624,2.411211,5.5731473,0.0,0.0,8.280604,0.0,0.0,0.0,0.0,0.0,0.0,0.0,0.0,0.0,6.8087854,2.6236727,0.0,0.0,0.0,0.0,3.9660819,5.1223526,3.6399724,2.6251438,0.0,0.0,0.0,3.9095943,3.724056,5.976824,0.0,0.0,0.0,0.0,3.492347,2.873635,0.0,0.0,0.0,0.0,0.0,0.0,1.2866658,0.0,5.7374406,0.0,2.2901769,7.0024076,0.0,0.0,2.3770373,0.0,3.977052,0.0,3.1995854,0.59124845,1.6827947,0.22160491,0.8273913,3.0937319,0.0,0.0
112,0.0,0.0,2.1371436,0.0,0.0,3.5837965,0.0,0.50488293,3.0328188,0.0,0.0,0.0,0.0,1.3210052,0.0,0.0,0.0,3.362141,1.0860027,5.6707044,0.0,0.0,0.1349448,0.0,0.0,0.0,0.19335836,0.0,1.6647174,0.0,0.0,0.64175856,3.7092073,0.5010565,0.0,0.0,2.0526452,0.0,0.0,3.9682996,2.6102777,0.17310816,0.0,0.0,0.0,1.7614762,4.5576186,5.7405834,0.0,0.0,0.0,0.0,3.788001,3.449342,0.0,0.0,0.0,0.0,0.17101075,0.0,1.5906409,0.0,4.5082154,0.0,2.749573,5.0981565,0.0,0.0,1.3743666,0.0,3.3815753,0.0,3.592185,0.51487297,2.722998,0.3474102,0.97994834,2.3370042,0.0,0.0
113,0.0,0.0,2.261428,0.0,0.27831653,0.5325298,0.0,2.364967,3.5959632,0.0,0.0,0.0,0.0,1.4242365,0.0,0.0,0.0,5.4316263,1.9958801,2.3572872,0.0,0.0,9.29768,0.0,0.0,0.0,0.0,0.0,0.0,0.0,0.0,0.0,7.272782,3.2449412,0.0,0.0,0.0,0.0,5.16225,4.725431,2.0950334,2.149458,0.0,0.0,0.0,2.715431,1.5731109,2.6921275,0.0,0.0,0.0,0.0,1.4764098,1.1769522,0.0,0.0,0.0,0.012172103,0.0,0.0,1.7537527,0.0,7.3956237,0.0,3.0790331,9.160992,0.0,0.0,2.9725995,0.0,4.488525,0.0,3.5319211,1.0257252,2.3088882,0.75467134,1.6143482,4.4482956,0.0,0.0
114,0.0,0.0,3.173027,0.0,0.0,3.9470992,0.0,1.2868186,4.282534,0.0,0.0,0.0,0.0,1.6207631,0.0,0.0,0.0,5.619344,1.7798904,6.418106,0.0,0.0,0.8414922,0.0,0.0,0.0,0.0,0.0,1.5637405,0.0,0.0,0.043976184,5.4261403,0.30550846,0.0,0.0,1.4337643,0.0,0.0,3.0126042,2.5564954,0.6469989,0.0,0.0,0.0,2.5206962,4.67227,5.5972643,0.0,0.0,0.0,0.0,4.232941,3.0255113,0.0,0.0,0.0,0.0,0.03689663,0.0,1.3232118,0.0,4.341404,0.0,2.3186622,5.057898,0.0,0.0,1.5317509,0.0,3.3890345,0.0,3.336351,0.37607944,2.1691945,0.16540454,0.6797883,2.1692898,0.0,0.0
115,0.0,0.0,1.5716611,0.0,0.5421407,2.2783704,0.0,1.8812783,3.0174549,0.0,0.0,0.0,0.0,1.3083031,0.0,0.0,0.0,3.226193,0.6532094,4.559295,0.0,0.0,3.8488374,0.0,0.0,0.0,0.0,0.0,0.0,0.0,0.0,0.0,5.0279055,1.9065311,0.0,0.0,0.0,0.0,1.0547659,5.418727,1.4914548,0.7599206,0.0,0.0,0.226969,1.2628639,1.8879516,2.5509653,0.0,0.0,0.0,0.0,1.4008709,1.5193491,0.0,0.0,0.0,0.0,0.0,0.0,1.1693821,0.0,3.449564,0.0,2.0879588,4.1233163,0.0,0.0,0.9407201,0.0,1.6512461,0.0,1.9060335,0.634533,1.9711405,0.896531,1.5617619,2.414311,0.0,0.0
116,0.0,0.0,2.1909182,0.0,1.01188,2.3088732,0.0,2.7902765,3.588565,0.0,0.0,0.0,0.0,2.1888597,0.0,0.0,0.0,5.580946,1.8829467,4.28152,0.0,0.0,10.809579,0.0,0.0,0.0,0.0,0.0,0.0,0.0,0.0,0.0,8.468014,5.200527,0.0,0.0,0.0,0.0,6.771652,6.405904,2.1911888,2.0752015,0.0,0.0,0.0,2.1456077,0.99504006,2.4582992,0.0,0.0,0.0,0.0,0.7302984,1.3593335,0.0,0.0,0.0,0.0,0.0,0.0,1.5247887,0.0,6.775362,0.0,2.7636697,8.657169,0.0,0.0,2.505684,0.0,1.8231076,0.0,0.50986654,1.9564424,1.5243478,1.7365092,3.1626954,5.4892654,0.0,0.0
117,0.0,0.0,1.4972683,0.0,1.9576097,2.7435424,0.0,1.9528553,2.2550154,0.0,0.0,0.0,0.0,2.5836303,0.0,0.0,0.0,4.2680664,2.2907345,3.947602,0.0,0.0,7.5329704,0.0,0.0,0.0,0.0,0.0,0.0,0.0,0.0,0.0,4.928016,5.5072694,0.0,0.0,0.0,0.0,5.020301,7.314093,1.9012371,1.3233554,0.0,0.0,0.0,1.9382113,2.006193,2.823382,0.0,0.0,0.0,0.0,1.5685606,1.5788282,0.0,0.0,0.0,0.0,0.0,0.0,1.333222,0.0,5.1004987,0.0,2.3534453,6.308464,0.0,0.0,1.9068043,0.0,3.0647287,0.0,2.7835653,0.6582093,2.024938,0.73248506,1.3645897,3.150626,0.0,0.0
118,0.0,0.0,0.51268935,0.0,2.5960836,1.6853772,0.0,1.2322389,1.0305824,0.0,0.0,0.0,0.0,2.2467809,0.0,0.0,0.0,2.1296988,1.8602436,2.487625,0.0,0.0,3.393997,0.0,0.0,0.0,0.0,0.0,0.0,0.0,0.0,0.0,3.760702,3.7351584,0.0,0.0,0.0,0.0,1.9035871,5.897495,2.7920783,0.66456306,0.0,0.0,0.06213942,0.5160436,2.044027,4.5103874,0.0,0.0,0.0,0.0,0.79445684,3.256002,0.0,0.0,0.0,0.0,0.0,0.0,1.8860706,0.0,5.4309006,0.0,3.3382912,6.7610335,0.0,0.0,1.4868269,0.0,2.411195,0.0,3.0466397,1.0869957,3.6137273,1.8999085,2.7702596,4.094035,0.0,0.0
119,0.0,0.0,2.257739,0.0,1.8264862,2.2889614,0.0,3.2468696,3.6208165,0.0,0.0,0.0,0.0,2.5312288,0.0,0.0,0.0,5.9091005,2.357344,4.2811832,0.0,0.0,10.7337,0.0,0.0,0.0,0.0,0.0,0.0,0.0,0.0,0.0,9.404322,4.0493097,0.0,0.0,0.0,0.0,4.260014,10.125458,2.5376668,2.5630808,0.0,0.0,0.0,3.8838089,2.7941968,3.9111795,0.0,0.0,0.0,0.0,2.9794357,1.4415644,0.0,0.0,0.0,0.602027,0.0,0.0,0.7938307,0.0,4.4561744,0.0,1.5050733,5.9008207,0.0,0.0,1.8686674,0.0,2.0191715,0.0,1.5604529,0.6488315,1.161478,1.0781686,1.5737381,3.2230413,0.0,0.0
120,0.0,0.0,1.0745516,0.0,1.4256599,2.6036854,0.0,1.8259573,2.3742251,0.0,0.0,0.0,0.0,2.1582308,0.0,0.0,0.0,3.206732,1.0121864,4.429986,0.0,0.0,6.0448055,0.0,0.0,0.0,0.0,0.0,0.0,0.0,0.0,0.0,6.400937,2.3236473,0.0,0.0,0.0,0.0,2.055077,6.2828093,3.9564402,1.9493316,0.0,0.0,0.0,1.6459748,2.1535685,5.918383,0.0,0.0,0.0,0.0,1.012824,3.81899,0.0,0.0,0.0,0.0,0.0,0.0,1.95963,0.0,5.397302,0.0,3.4267707,6.459656,0.0,0.0,1.5185554,0.0,3.2687902,0.0,3.937789,0.83975214,3.8141112,1.31075,2.064179,3.4865794,0.0,0.0
121,0.0,0.0,1.588674,0.0,1.8280346,3.342906,0.0,1.8817993,2.5978563,0.0,0.0,0.0,0.0,2.7902164,0.0,0.0,0.0,4.3813677,2.143937,4.9519715,0.0,0.0,8.220661,0.0,0.0,0.0,0.0,0.0,0.0,0.0,0.0,0.0,8.812134,2.1402078,0.0,0.0,0.0,0.0,2.9892411,6.2301044,2.8354013,1.9316553,0.0,0.0,0.0,2.2092423,2.0000944,4.110767,0.0,0.0,0.0,0.0,1.4116304,2.3472214,0.0,0.0,0.0,0.0,0.0,0.0,1.2784826,0.0,4.875945,0.0,2.2915108,5.9490976,0.0,0.0,1.8622088,0.0,3.4805284,0.0,3.2955732,0.45091408,2.122515,0.43553776,0.9323811,2.692222,0.0,0.0
122,0.0,0.0,2.3778155,0.0,1.5464523,3.2540967,0.0,2.2861354,2.9809504,0.0,0.0,0.0,0.0,3.291352,0.0,0.0,0.0,6.678293,3.3832896,4.1948624,0.0,0.0,11.254338,0.0,0.0,0.0,0.0,0.0,0.0,0.0,0.0,0.0,9.2892065,2.3599596,0.0,0.0,0.0,0.0,5.3327723,4.727768,3.4921515,2.7258236,0.0,0.0,0.0,4.26554,3.8603601,5.801869,0.0,0.0,0.0,0.0,3.8349497,2.590213,0.0,0.0,0.0,0.0,0.0,0.0,1.1702943,0.0,5.238,0.0,2.0696115,6.293074,0.0,0.0,2.2404623,0.0,4.082035,0.0,3.4140425,0.4553092,1.750296,0.0,0.4430365,2.5752418,0.0,0.0
123,0.0,0.0,1.6439075,0.0,1.411243,3.3194833,0.0,1.2772677,2.0658154,0.0,0.0,0.0,0.0,2.7754362,0.0,0.0,0.0,4.581029,2.631555,4.090102,0.0,0.0,5.421038,0.0,0.0,0.0,0.0,0.0,0.0,0.0,0.0,0.0,4.9821653,4.8222,0.0,0.0,0.0,0.0,4.4535294,4.4739065,1.9975779,0.8677424,0.0,0.0,0.0,1.4300776,2.2363641,3.2570949,0.0,0.0,0.0,0.0,1.5640709,2.0559018,0.0,0.0,0.0,0.0,0.0,0.0,1.3718917,0.0,4.6952896,0.0,2.4245553,5.6801004,0.0,0.0,1.6378918,0.0,3.1405056,0.0,3.2268965,0.52669674,2.4336944,0.67465234,1.216121,2.7551448,0.0,0.0
124,0.0,0.0,0.69895273,0.0,2.6340866,3.464768,0.0,1.222533,1.4512337,0.0,0.0,0.0,0.0,2.9244266,0.0,0.0,0.0,2.5718353,1.8404284,4.7559133,0.0,0.0,3.566357,0.0,0.0,0.0,0.0,0.0,0.0,0.0,0.0,0.0,6.097741,2.9370584,0.0,0.0,0.0,0.0,1.4129592,6.2330437,3.6582992,1.7781174,0.0,0.0,0.0,3.1627007,4.2833233,6.589125,0.0,0.0,0.0,0.0,3.7509246,3.5353253,0.0,0.0,0.0,0.0,0.0,0.0,1.848012,0.0,5.7966194,0.0,3.2392504,7.09508,0.0,0.0,1.8594365,0.0,3.465344,0.0,3.8612468,0.8287691,3.5171723,1.3504994,2.025937,3.7602048,0.0,0.0
125,0.0,0.0,2.0748441,0.0,1.8396429,4.265473,0.0,1.679293,2.7709029,0.0,0.0,0.0,0.0,3.4438658,0.0,0.0,0.0,5.5501018,3.124304,5.5842385,0.0,0.0,5.8960314,0.0,0.0,0.0,0.0,0.0,0.0,0.0,0.0,0.0,9.411109,2.0754008,0.0,0.0,0.0,0.0,3.1984768,3.0940897,3.1037672,1.7316012,0.0,0.0,0.0,1.5447277,1.6963776,4.22493,0.0,0.0,0.0,0.0,0.7012166,2.842004,0.0,0.0,0.0,0.0,0.0,0.0,1.3141158,0.0,4.6560774,0.0,2.3496222,5.727323,0.0,0.0,1.6238936,0.0,2.9283042,0.0,3.029464,0.55468327,2.3883367,0.8471266,1.3647127,2.8692458,0.0,0.0
126,0.0,0.0,2.4251194,0.0,1.6803056,4.0348153,0.0,2.159914,3.3854253,0.0,0.0,0.0,0.0,3.1958587,0.0,0.0,0.0,6.025503,3.0458362,5.7657404,0.0,0.0,11.345839,0.0,0.0,0.0,0.0,0.0,0.0,0.0,0.0,0.0,7.87342,4.005686,0.0,0.0,0.0,0.0,6.5185537,5.362769,2.488046,2.2983732,0.0,0.0,0.0,2.4150794,1.1797469,2.927115,0.0,0.0,0.0,0.0,0.9031813,1.5612807,0.0,0.0,0.0,0.0,0.0,0.0,1.4439808,0.0,5.6635914,0.0,2.5219254,6.679533,0.0,0.0,2.1909082,0.0,3.6464584,0.0,2.7609372,0.8964921,1.7363982,0.14585443,1.0306096,3.1574516,0.0,0.0
127,0.0,0.0,1.8261378,0.0,1.5236125,3.0322337,0.0,2.305095,3.2466078,0.0,0.0,0.0,0.0,2.2626016,0.0,0.0,0.0,4.287558,1.5944847,5.3306556,0.0,0.0,7.6913247,0.0,0.0,0.0,0.0,0.0,0.0,0.0,0.0,0.0,5.635691,3.3180645,0.0,0.0,0.0,0.0,2.5662668,8.801977,3.8301585,2.3415322,0.0,0.0,0.0,2.6121302,2.6335812,5.6760726,0.0,0.0,0.0,0.0,1.7868165,3.3284702,0.0,0.0,0.0,0.0,0.0,0.0,1.2302634,0.0,4.168995,0.0,2.187283,5.0825005,0.0,0.0,1.4264802,0.0,2.812162,0.0,3.0554662,0.4264223,2.3758028,0.737972,1.1764065,2.4861422,0.0,0.0
128,0.0,0.0,2.1987693,0.0,1.3210461,2.077094,0.0,2.8612912,3.155944,0.0,0.0,0.0,0.0,2.5395362,0.0,0.0,0.0,6.235465,2.6065304,3.294237,0.0,0.0,11.932383,0.0,0.0,0.0,0.0,0.0,0.0,0.0,0.0,0.0,9.197522,5.209799,0.0,0.0,0.0,0.0,7.24005,6.713689,1.9476476,2.2745864,0.0,0.0,0.0,2.5619829,0.8833326,2.1042209,0.0,0.0,0.0,0.0,0.98137265,0.8302233,0.0,0.0,0.0,0.4115781,0.0,0.0,1.4974148,0.0,6.3996615,0.0,2.58488,7.4815216,0.0,0.0,2.5743256,0.0,3.7815654,0.0,2.2822983,1.2938659,1.4417301,0.0361559,1.1790588,3.6665914,0.0,0.0
129,0.0,0.0,1.0875428,0.0,2.5393054,4.017889,0.0,1.1692659,1.7465657,0.0,0.0,0.0,0.0,3.1974237,0.0,0.0,0.0,3.260211,2.3241365,5.333848,0.0,0.0,4.864924,0.0,0.0,0.0,0.0,0.0,0.0,0.0,0.0,0.0,6.6156626,3.4651246,0.0,0.0,0.0,0.0,2.6288865,5.7141147,2.431802,0.527632,0.0,0.0,0.0,1.89285,3.915534,5.0660825,0.0,0.0,0.0,0.0,3.31612,2.9283824,0.0,0.0,0.0,0.0,0.0,0.0,2.0176113,0.0,5.737099,0.0,3.5017612,6.628125,0.0,0.0,1.7287251,0.0,3.6771443,0.0,3.6430542,0.9198632,3.0612478,0.6075811,1.5934367,3.331238,0.0,0.0
130,0.0,0.0,0.0,0.0,3.0521643,2.4900804,0.0,0.352923,0.060061246,0.0,0.792588,0.0,0.0,1.9713292,0.0,0.0,0.4473051,0.39653194,1.6685213,2.867405,0.2884344,0.0,1.5630605,0.0,0.0,0.0,1.7122267,0.022921517,0.0,0.0,0.0,0.0,0.9348754,6.5217648,0.0,0.0,0.0,0.0,3.373703,7.8025093,1.7938162,0.0,0.0,0.0,0.17662778,0.2713297,4.171478,4.6002097,0.0,0.0,0.0,0.0,2.943937,3.1565366,0.0,0.0,1.1616623,0.0,0.4793492,0.0,2.7316587,0.0,5.4335613,0.0,4.6996503,6.0514584,0.0,0.0,0.76068175,0.0,2.3703256,0.0,3.5713491,1.462127,4.911852,1.8900981,3.2496386,4.022443,0.0,0.0
131,0.0,0.0,1.3434957,0.0,2.0616596,3.914244,0.0,0.86068815,1.3601625,0.0,0.0,0.0,0.0,3.4884005,0.0,0.0,0.0,4.4753876,3.2156312,4.12782,0.36214432,0.0,2.9122684,0.0,0.0,0.0,0.0,0.0,0.0,0.0,0.0,0.0,5.173585,5.2768335,0.0,0.0,0.0,0.0,4.033242,2.4707758,2.7187753,0.6242627,0.0,0.0,0.0,0.9424037,2.6264257,4.62103,0.0,0.0,0.0,0.0,1.512818,3.1902452,0.0,0.0,0.0,0.0,0.0,0.0,0.9083947,0.0,4.005674,0.0,1.6427064,4.8854337,0.0,0.0,1.5721054,0.0,2.3729863,0.0,1.8788323,0.5667907,1.1740566,0.37633926,0.9473919,2.414614,0.0,0.0
132,0.0,0.0,0.83358806,0.0,1.6357481,3.2069495,0.0,1.0514512,1.8190099,0.0,0.0,0.0,0.0,2.2394083,0.0,0.0,0.0,2.2207916,1.0915538,4.901727,0.0,0.0,4.2402196,0.0,0.0,0.0,0.0,0.0,0.0,0.0,0.0,0.0,5.151724,2.1828456,0.0,0.0,0.35028142,0.0,0.7659315,6.8488936,3.6222942,1.0364608,0.0,0.0,0.0,3.1835465,5.799107,7.7088656,0.0,0.0,0.0,0.0,5.2373533,4.16411,0.0,0.0,0.0,0.0,0.017201886,0.0,1.7289217,0.0,3.7271094,0.0,3.0083058,4.1261244,0.0,0.0,0.6580831,0.0,2.2301798,0.0,3.184353,0.68989235,3.4333632,1.0629086,1.7804484,2.4132614,0.0,0.0
133,0.0,0.0,1.1397239,0.0,0.9700675,1.678565,0.0,1.7945956,2.4489884,0.0,0.0,0.0,0.0,1.4442263,0.0,0.0,0.0,2.8796625,0.7613514,3.5131924,0.0,0.0,6.516459,0.0,0.0,0.0,0.0,0.0,0.0,0.0,0.0,0.0,5.3283067,1.8284332,0.0,0.0,0.034566328,0.0,1.4302144,7.2750754,4.7563934,2.5541909,0.0,0.0,0.0,2.3596125,2.727829,7.3556266,0.0,0.0,0.0,0.0,1.6260924,4.4402943,0.0,0.0,0.0,0.0,0.0,0.0,1.8741322,0.0,5.0655403,0.0,3.2808921,6.1399045,0.0,0.0,1.3072623,0.0,2.528295,0.0,3.3182626,0.948992,3.7231033,1.6800611,2.4671924,3.6306517,0.0,0.0
134,0.0,0.0,2.1616046,0.0,2.401596,3.5343862,0.0,2.6134665,3.1832561,0.0,0.0,0.0,0.0,3.361759,0.0,0.0,0.0,5.851096,3.050087,5.246414,0.0,0.0,13.490958,0.0,0.0,0.0,0.0,0.0,0.0,0.0,0.0,0.0,11.257794,7.5250363,0.0,0.0,0.0,0.0,8.273955,10.478899,2.2644904,1.9159225,0.0,0.0,0.0,2.3955934,1.735271,2.9873555,0.0,0.0,0.0,0.0,1.4065634,1.563366,0.0,0.0,0.0,0.0,0.0,0.0,1.357588,0.0,5.7485375,0.0,2.4548392,7.272016,0.0,0.0,2.0749965,0.0,1.7015059,0.0,0.7313645,1.6085488,1.501731,1.4428005,2.6589966,4.575753,0.0,0.0
135,0.0,0.0,2.2979317,0.0,1.0903714,4.2703424,0.0,1.4323713,2.9901483,0.0,0.0,0.0,0.0,3.0947115,0.0,0.0,0.0,5.6825867,2.9294531,5.622088,0.0,0.0,5.8349223,0.0,0.0,0.0,0.0,0.0,0.0,0.0,0.0,0.0,4.962934,3.183355,0.0,0.0,0.0,0.0,4.0671806,2.9811494,3.2753208,2.3277512,0.0,0.0,0.0,3.5026932,3.368535,5.33107,0.0,0.0,0.0,0.0,3.1160488,2.6078463,0.0,0.0,0.0,0.0,0.0,0.0,1.1628332,0.0,5.1038637,0.0,2.0545774,6.0801964,0.0,0.0,2.134254,0.0,3.7632813,0.0,3.0285609,0.5642085,1.605076,0.0,0.5635962,2.613354,0.0,0.0
136,0.0,0.0,1.9221909,0.0,0.0,1.1280078,0.0,1.7982846,3.7116497,0.0,0.0,0.0,0.0,0.6626117,0.0,0.0,0.0,3.3396652,0.60106313,3.9861293,0.0,0.0,6.8936176,0.0,0.0,0.0,0.0,0.0,0.0,0.0,0.0,0.0,0.8808794,8.221722,0.0,0.0,0.0,0.0,5.4982176,11.589969,3.8420126,2.7520134,0.0,0.0,0.0,3.518279,3.191742,5.994683,0.0,0.0,0.0,0.0,2.7489512,3.0721774,0.0,0.0,0.0,0.0,0.0,0.0,1.5882237,0.0,6.125557,0.0,2.8543832,8.440302,0.0,0.0,1.970401,0.0,0.6222188,0.0,0.5042472,1.6878585,2.3228433,3.1063638,4.2725477,6.0002413,0.0,0.0
137,0.0,0.0,1.9782857,0.0,1.5469625,3.1437106,0.0,2.3877754,3.3550968,0.0,0.0,0.0,0.0,2.4233096,0.0,0.0,0.0,4.719899,1.8686831,5.379896,0.0,0.0,11.752141,0.0,0.0,0.0,0.0,0.0,0.0,0.0,0.0,0.0,4.228277,8.620172,0.0,0.0,0.0,0.0,8.664874,9.771762,2.0820165,1.1824747,0.0,0.0,0.3001295,0.95474553,0.78145874,2.3055444,0.0,0.0,0.0,0.0,0.19090916,1.7465764,0.0,0.0,0.0,0.0,0.0,0.0,1.5432423,0.0,4.2722554,0.0,2.2392132,6.370122,0.0,0.0,0.96692634,0.0,0.0,0.0,0.29115885,0.98757696,2.2137554,3.300941,4.179832,5.267146,0.0,0.0
138,0.0,0.0,0.89274263,0.0,1.7970557,2.8498256,0.0,1.5922096,2.1644292,0.0,0.0,0.0,0.0,2.1116407,0.0,0.0,0.0,2.3534412,0.8643998,4.8849406,0.0,0.0,3.0728652,0.0,0.0,0.0,0.0,0.0,1.7604138,0.0,0.0,0.0,5.4881554,0.53335077,0.0,0.0,1.9146175,0.0,0.0,6.0750165,4.1502047,1.5845205,0.0,0.0,0.0,2.7149992,4.5219064,7.6058483,0.0,0.0,0.0,0.0,3.6699421,4.3796253,0.0,0.0,0.0,0.0,0.0,0.0,1.5455209,0.0,4.574205,0.0,2.740667,5.6108284,0.0,0.0,1.4062067,0.0,3.3006582,0.0,4.303503,0.39676005,3.7759602,1.2637038,1.5580976,2.7988362,0.0,0.0
139,0.0,0.0,1.1411188,0.0,2.6261506,4.163628,0.0,1.1676171,1.774937,0.0,0.0,0.0,0.0,3.3460944,0.0,0.0,0.0,3.402288,2.4804778,5.477169,0.0,0.0,5.462197,0.0,0.0,0.0,0.0,0.0,0.0,0.0,0.0,0.0,3.1449432,5.255389,0.0,0.0,0.0,0.0,4.0517225,5.9179883,2.9469528,0.5546746,0.0,0.0,0.0,1.3765503,3.557164,5.4732585,0.0,0.0,0.0,0.0,2.526109,3.5449147,0.0,0.0,0.0,0.0,0.0,0.0,1.8122412,0.0,6.0538754,0.0,3.1837146,7.4273334,0.0,0.0,1.9750402,0.0,2.4599004,0.0,1.9114393,1.4169954,2.2470362,1.2578883,2.507497,4.41461,0.0,0.0
140,0.0,0.0,0.77940327,0.0,1.6691153,3.4070547,0.0,0.57017136,1.8920032,0.0,1.4777185,0.0,0.0,1.5504731,0.0,0.0,0.0,0.6580253,0.541995,5.801342,0.0,0.0,1.8233955,0.0,0.0,0.0,3.8919764,2.1558924,0.0,0.0,0.0,0.0,0.0,5.6791534,0.0,0.0,2.9643352,0.0,2.4326475,11.684751,3.7887254,1.5871158,0.0,0.0,0.0,3.409796,5.1941752,7.2785754,0.0,0.0,0.0,0.0,4.6212783,3.9073858,0.0,0.0,0.0,0.0,0.0,0.0,2.904224,0.0,7.0717297,0.0,5.040653,8.7066965,0.0,0.0,1.4038357,0.0,0.93158644,0.0,1.3096724,2.436129,4.1507874,3.1641686,5.171929,6.541314,0.0,0.0
141,0.0,0.0,0.33322343,0.0,1.6173223,1.8497711,0.0,0.58842134,0.5170245,0.0,0.0,0.0,0.0,1.8056332,0.0,0.0,0.0,1.592711,1.3564184,2.1027088,0.110342324,0.0,0.48173693,0.0,0.0,0.0,0.0,0.0,0.0,0.0,0.0,0.0,3.1997921,1.744597,0.0,0.0,0.0,0.0,0.2599466,2.8142698,3.9464953,1.0504539,0.0,0.0,0.0,0.7099861,2.514788,6.328305,0.0,0.0,0.0,0.0,0.9422627,4.4472895,0.0,0.0,0.0,0.0,0.0,0.0,1.8494853,0.0,4.978574,0.0,3.1926713,5.9569664,0.0,0.0,1.3066015,0.0,2.4316287,0.0,2.9779842,0.97471595,3.3506193,1.4729444,2.344489,3.514513,0.0,0.0
142,0.0,0.0,1.085075,0.0,2.6642065,4.4770722,0.0,1.0574692,1.8967129,0.0,0.0,0.0,0.0,3.2560835,0.0,0.0,0.0,2.9104018,2.2021616,6.1850605,0.0,0.0,3.902106,0.0,0.0,0.0,0.0,0.0,0.0,0.0,0.0,0.0,5.1807795,2.731525,0.0,0.0,0.0,0.0,1.5545598,5.7079067,2.740954,0.0,0.0,0.0,0.0,1.7115071,5.4734,6.4804254,0.0,0.0,0.0,0.0,4.498589,3.9678211,0.0,0.0,0.35374767,0.0,0.4592957,0.0,1.8078115,0.0,4.5874534,0.0,3.1953845,5.7167225,0.0,0.0,1.0490556,0.0,2.2344923,0.0,3.6113129,0.81617624,4.314008,2.144801,2.6706047,3.5669804,0.0,0.0
143,0.0,0.0,0.6564662,0.0,3.7515802,3.2814066,0.0,1.6391188,1.2327459,0.0,0.0,0.0,0.0,3.2706106,0.0,0.0,0.0,2.6451771,2.419778,4.4029064,0.0,0.0,2.7374158,0.0,0.0,0.0,0.0,0.0,0.0,0.0,0.0,0.0,7.107468,4.2278686,0.0,0.0,0.0,0.0,1.3894063,8.045774,3.1300719,0.07215138,0.0,0.0,0.13246876,0.0,2.6320715,5.0272164,0.0,0.0,0.0,0.0,0.71648496,3.9252603,0.0,0.0,0.3653127,0.0,0.0,0.0,2.813588,0.0,6.1881976,0.0,4.892129,7.490351,0.0,0.0,1.0025787,0.0,1.6208266,0.0,2.9466279,1.8649257,5.25102,3.0443442,4.4982414,5.396554,0.0,0.0
144,0.0,0.0,0.04391408,0.0,2.2494333,3.266812,0.0,0.23300165,0.50746626,0.0,1.6534507,0.0,0.0,1.826419,0.0,0.0,0.0,0.22542183,0.9328155,4.186986,0.0,0.0,0.40265813,0.0,0.0,0.0,2.7151651,0.8347968,0.35393912,0.0,0.0,0.0,1.7516563,3.2581377,0.0,0.0,2.4741693,0.0,0.5710528,8.242915,3.8945029,1.2273026,0.0,0.0,0.0,2.9181833,5.3152623,7.782562,0.0,0.0,0.0,0.0,4.56902,4.3739777,0.0,0.0,0.0,0.0,0.0,0.0,1.9279209,0.0,4.9010763,0.0,3.3170826,5.6770015,0.0,0.0,1.2679096,0.0,2.8775764,0.0,3.417816,0.8648436,3.4235256,1.0670438,1.9258211,3.1471374,0.0,0.0
145,0.0,0.0,0.63317597,0.0,2.5326753,3.2502668,0.0,1.042276,1.2991539,0.0,0.0,0.0,0.0,2.6758695,0.0,0.0,0.0,2.1839237,1.719548,4.471786,0.0,0.0,4.582465,0.0,0.0,0.0,0.75298864,0.0,0.0,0.0,0.0,0.0,1.8329676,9.394396,0.0,0.0,0.0,0.0,4.988619,13.247005,2.816589,0.0,0.0,0.0,0.0,1.1180218,4.3054857,5.969843,0.0,0.0,0.0,0.0,3.17701,3.8619914,0.0,0.0,0.25207546,0.0,0.1537265,0.0,3.1503215,0.0,7.6935554,0.0,5.455738,9.197039,0.0,0.0,1.6700532,0.0,2.2840166,0.0,2.694477,2.2747896,4.713083,2.6408446,4.597593,6.252205,0.0,0.0
146,0.0,0.0,0.85314363,0.0,2.29816,2.105033,0.0,1.9196913,2.0181522,0.0,0.0,0.0,0.0,1.9668278,0.0,0.0,0.0,2.3089972,1.1314198,3.9649923,0.0,0.0,5.257296,0.0,0.0,0.0,0.0,0.0,0.0,0.0,0.0,0.0,5.5430465,3.4938269,0.0,0.0,0.895402,0.0,1.3154511,10.185219,2.2948453,1.2229201,0.0,0.0,0.28643605,0.9072234,0.9650707,2.8665528,0.0,0.0,0.0,0.0,0.25531805,2.094556,0.0,0.0,0.0,0.0,0.0,0.0,1.6599483,0.0,4.7351747,0.0,2.90171,5.60448,0.0,0.0,1.3178191,0.0,2.315267,0.0,2.3974082,0.9600556,2.5161777,1.0192283,1.9615238,3.2145872,0.0,0.0
147,0.0,0.0,0.42983177,0.0,2.3300624,1.0859547,0.0,0.70876396,0.9284551,0.0,0.0,0.0,0.0,2.0374644,0.0,0.0,0.23063448,1.7864325,1.9719274,1.8599123,0.0,0.0,2.0154688,0.0,0.0,0.0,0.0,0.0,0.0,0.0,0.0,0.0,4.050614,4.141463,0.0,0.0,0.3314517,0.0,1.1324493,7.4505243,3.5089703,1.2729028,0.0,0.0,0.0,0.8365009,1.8914404,5.1871247,0.0,0.0,0.0,0.0,0.5265335,3.7264907,0.0,0.0,0.0,0.0,0.0,0.0,2.0914373,0.0,5.8147926,0.0,3.7010043,7.2024016,0.0,0.0,1.4086955,0.0,1.1667799,0.0,1.1429677,1.7922856,2.7656913,2.1455605,3.6948738,5.031104,0.0,0.0
148,0.0,0.0,1.4996026,0.0,3.4914708,3.643939,0.0,2.0297015,1.8220917,0.0,0.0,0.0,0.0,3.91404,0.0,0.0,0.0,5.005028,3.679619,4.361081,0.0,0.0,6.017049,0.0,0.0,0.0,0.0,0.0,0.73644674,0.0,0.0,0.0,11.084358,0.7029527,0.0,0.0,0.0,0.0,1.738174,3.5196395,3.0385258,2.2913058,0.0,0.0,0.0,2.2543414,1.4906566,4.091175,0.0,0.0,0.0,0.0,0.96125174,2.3544338,0.0,0.0,0.0,0.0,0.0,0.0,0.8333631,0.0,3.8738303,0.0,1.5394986,4.9910927,0.0,0.0,1.5437075,0.0,2.2525234,0.0,2.1579053,0.39694494,1.4961677,0.76597226,1.1475286,2.5092623,0.0,0.0
149,0.0,0.0,0.64426833,0.0,1.5479629,0.5028022,0.0,1.3031514,1.779839,0.0,0.0,0.0,0.0,1.3075432,0.0,0.0,0.0,1.9365288,1.0698087,2.0503643,0.0,0.0,4.172077,0.0,0.0,0.0,0.0,0.0,1.0365725,0.0,0.0,0.0,6.163178,0.96386665,0.0,0.0,1.0928378,0.0,0.10250826,6.381767,4.997806,2.1993706,0.0,0.0,0.0,2.6969311,4.0310235,8.289082,0.0,0.0,0.0,0.0,2.835849,5.0160093,0.0,0.0,0.0,0.0,0.0,0.0,1.6084948,0.0,4.9542513,0.0,2.85269,6.2323346,0.0,0.0,1.4839818,0.0,2.4900498,0.0,3.1530113,0.80910945,3.3553565,1.6954864,2.321686,3.6014583,0.0,0.0
150,0.0,0.0,0.60528076,0.0,2.4936159,1.8923848,0.0,1.543478,1.5870303,0.0,0.0,0.0,0.0,2.0044556,0.0,0.0,0.0,1.8413359,1.2827018,3.490191,0.0,0.0,4.8010683,0.0,0.0,0.0,0.0,0.0,0.0,0.0,0.0,0.0,2.819769,5.324849,0.0,0.0,0.0,0.0,3.444962,6.7627,2.677252,1.0637985,0.0,0.0,0.22173735,0.65182483,1.2225584,3.5288053,0.0,0.0,0.0,0.0,0.1848668,2.6465073,0.0,0.0,0.0,0.0,0.0,0.0,1.9980066,0.0,6.0582824,0.0,3.5401356,7.833546,0.0,0.0,1.6165783,0.0,0.8511465,0.0,0.87305796,1.8580914,2.8128436,2.6972072,4.158278,5.609426,0.0,0.0
151,0.0,0.0,1.6593912,0.0,1.7729037,3.7824116,0.0,1.6028383,2.7513561,0.0,0.0,0.0,0.0,2.630578,0.0,0.0,0.0,3.7852056,1.9585944,5.8241215,0.0,0.0,7.4260087,0.0,0.0,0.0,0.0,0.0,0.0,0.0,0.0,0.0,3.8520257,5.223549,0.0,0.0,0.0,0.0,4.357111,8.04127,1.6150832,1.4884928,0.0,0.0,0.08872017,1.9197183,1.3647534,2.165316,0.0,0.0,0.0,0.0,1.1415538,1.0701046,0.0,0.0,0.0,0.0,0.0,0.0,1.9167423,0.0,7.370023,0.0,3.3975573,9.186084,0.0,0.0,2.540553,0.0,2.0665855,0.0,0.7254865,2.1817057,1.8930333,1.7363821,3.4304712,5.857813,0.0,0.0
152,0.0,0.0,0.34541798,0.0,2.9843814,3.4103765,0.0,0.31711438,0.40268326,0.0,0.0,0.0,0.0,2.7665417,0.0,0.0,0.0,1.5097061,2.189894,3.919702,0.3858511,0.0,1.3584425,0.0,0.0,0.0,2.1334748,0.0,0.0,0.0,0.0,0.0,2.3438864,6.768556,0.0,0.0,0.6340105,0.0,2.5930648,10.061853,2.0324335,0.0,0.0,0.0,0.16529942,0.2590584,3.8999476,4.7427278,0.0,0.0,0.0,0.0,2.5946016,3.3061883,0.0,0.0,0.9822283,0.0,0.33188027,0.0,3.220067,0.0,7.7541914,0.0,5.5121803,9.129124,0.0,0.0,1.6884073,0.0,2.080076,0.0,1.9974989,2.4508846,4.097517,2.323947,4.5257277,6.277899,0.0,0.0
153,0.0,0.0,0.74221736,0.0,2.728284,3.32874,0.0,0.7092172,0.5218218,0.0,0.0,0.0,0.0,3.5169926,0.0,0.0,0.0,3.4265566,3.0731423,3.1583285,0.9612276,0.0,0.0,0.0,0.0,0.0,0.0,0.0,0.0,0.0,0.0,0.0,4.8985257,2.8711238,0.0,0.0,0.33634287,0.0,0.0,4.7065897,4.0060754,1.0204397,0.0,0.0,0.0,2.511017,5.1287622,7.848659,0.0,0.0,0.0,0.0,4.1755834,4.667834,0.0,0.0,0.0,0.0,0.0,0.0,1.2684518,0.0,3.3177452,0.0,2.260197,4.0992484,0.0,0.0,0.717974,0.0,1.4199877,0.0,2.3340569,0.6303863,2.8696387,1.5389885,2.0407467,2.598435,0.0,0.0
154,0.0,0.0,0.859951,0.0,0.562564,2.6006286,0.0,0.21505807,1.9950244,0.0,1.0024879,0.0,0.0,1.0517898,0.0,0.0,0.0,0.7690327,0.25148243,4.8756824,0.0,0.0,0.9985678,0.0,0.0,0.0,1.7642485,0.0,0.16004287,0.0,0.0,0.0,3.092442,3.4307957,0.0,0.0,2.2956474,0.0,0.3674362,9.051892,3.649416,0.0,0.0,0.0,0.0,1.0874918,5.611809,8.001716,0.0,0.0,0.0,0.0,4.0904193,5.2280073,0.0,0.0,0.73530775,0.0,0.4270236,0.0,2.2197974,0.0,4.3981047,0.0,3.8710778,4.9154806,0.0,0.0,0.64707804,0.0,2.8113105,0.0,4.413485,0.8021441,4.8979373,1.5405662,2.2702732,2.8899522,0.0,0.0
155,0.0,0.0,1.4785163,0.0,1.2309293,3.221211,0.0,1.3166635,2.3237224,0.0,0.0,0.0,0.0,2.3054984,0.0,0.0,0.0,3.6233916,1.7281508,4.7223063,0.0,0.0,3.2082572,0.0,0.0,0.0,0.0,0.0,0.0,0.0,0.0,0.0,5.5945897,1.1460823,0.0,0.0,0.0,0.0,1.6296761,1.8249587,3.7749918,1.0557876,0.0,0.0,0.0,1.7767892,3.8852937,6.7618337,0.0,0.0,0.0,0.0,2.7405155,4.2675204,0.0,0.0,0.0,0.0,0.0,0.0,1.4600484,0.0,4.8066926,0.0,2.6071582,5.793414,0.0,0.0,1.6329957,0.0,3.4176126,0.0,3.6528387,0.49377924,2.7734647,0.6958027,1.1947732,2.7449288,0.0,0.0
156,0.0,0.0,0.53240615,0.0,2.6298556,2.8595393,0.0,0.9035196,0.7606377,0.0,0.0,0.0,0.0,2.752205,0.0,0.0,0.0,2.3143263,2.1258883,3.3547492,0.0,0.0,2.2924395,0.0,0.0,0.0,0.0,0.0,0.0,0.0,0.0,0.0,3.2905626,5.2649803,0.0,0.0,0.0,0.0,2.2464948,6.9796023,3.1832242,0.89592755,0.0,0.0,0.0,0.8583718,2.4170074,5.25873,0.0,0.0,0.0,0.0,1.1859272,3.629468,0.0,0.0,0.0,0.0,0.0,0.0,1.8621804,0.0,5.361617,0.0,3.2762156,6.817604,0.0,0.0,1.3883793,0.0,1.5518914,0.0,2.1798925,1.3276355,3.4334946,2.3776462,3.380786,4.569537,0.0,0.0
157,0.0,0.0,0.24136639,0.0,3.1041636,2.36597,0.0,0.5955076,0.37894148,0.0,0.041886434,0.0,0.0,2.141889,0.0,0.0,0.20304689,0.9150481,1.9094775,2.998846,0.0,0.0,1.5123479,0.0,0.0,0.0,1.4125949,0.0,0.0,0.0,0.0,0.0,2.0782013,4.5367045,0.0,0.0,1.0539516,0.0,1.5153756,8.319555,2.598849,0.0,0.0,0.0,0.0,0.34658843,4.3218546,5.764597,0.0,0.0,0.0,0.0,2.8643525,4.0005755,0.0,0.0,0.9693898,0.0,0.3564778,0.0,2.2852714,0.0,5.5212708,0.0,3.9940186,6.57804,0.0,0.0,1.1323873,0.0,1.8217238,0.0,2.3722842,1.5289241,3.70606,1.9900435,3.317979,4.408292,0.0,0.0
158,0.0,0.0,1.5143689,0.0,0.35076314,1.8334363,0.0,1.932517,2.687469,0.0,0.0,0.0,0.0,1.4950497,0.0,0.0,0.0,3.9076355,0.9737415,3.4191597,0.0,0.0,3.471008,0.0,0.0,0.0,0.0,0.0,0.0,0.0,0.0,0.0,4.33796,1.0237318,0.0,0.0,0.0,0.0,0.9843168,3.457,4.089683,2.1974416,0.0,0.0,0.0,2.6132624,3.1471956,6.5897818,0.0,0.0,0.0,0.0,2.3166385,3.8117762,0.0,0.0,0.0,0.0,0.0,0.0,0.83844584,0.0,3.4939342,0.0,1.594965,4.603805,0.0,0.0,1.2364391,0.0,1.9541713,0.0,2.4715621,0.3379224,2.1793132,1.2511275,1.4558144,2.478296,0.0,0.0
159,0.0,0.0,1.4643353,0.0,1.9593613,2.7604728,0.0,1.2582582,1.4019455,0.0,0.0,0.0,0.0,2.810684,0.0,0.0,0.0,4.379764,3.1012566,2.8669415,0.0,0.0,3.2852554,0.0,0.0,0.0,0.0,0.0,0.0,0.0,0.0,0.0,3.7098687,2.5529811,0.0,0.0,0.0,0.0,2.085417,3.2479937,2.4223437,1.1017934,0.0,0.0,0.0,2.4732969,3.6351905,4.5850544,0.0,0.0,0.0,0.0,3.2076578,2.4859517,0.0,0.0,0.0,0.0,0.0,0.0,0.9952035,0.0,3.4318979,0.0,1.8299634,4.3747516,0.0,0.0,1.006001,0.0,0.9728518,0.0,1.0120461,0.7959403,1.4792439,1.2310094,1.95994,2.8374097,0.0,0.0
160,0.0,0.0,2.2654777,0.0,0.8814753,4.283737,0.0,1.4648741,3.2924402,0.0,0.0,0.0,0.0,2.7003605,0.0,0.0,0.0,4.865237,2.227121,6.402161,0.0,0.0,5.3686867,0.0,0.0,0.0,0.0,0.0,0.0,0.0,0.0,0.0,6.80096,3.2747097,0.0,0.0,0.0,0.0,2.7897797,5.6525817,4.351828,2.3708966,0.0,0.0,0.0,3.6516404,4.4611564,7.4406705,0.0,0.0,0.0,0.0,3.8347454,4.002785,0.0,0.0,0.0,0.0,0.0,0.0,0.7831998,0.0,3.508839,0.0,1.5234619,4.646173,0.0,0.0,1.2899188,0.0,2.188741,0.0,2.7700353,0.25261438,2.2472343,1.1875949,1.2645154,2.3677206,0.0,0.0
161,0.0,0.0,1.9046326,0.0,2.0497057,4.047424,0.0,2.0579271,3.0665908,0.0,0.0,0.0,0.0,3.1283488,0.0,0.0,0.0,4.8394327,2.404023,6.094513,0.0,0.0,8.402186,0.0,0.0,0.0,0.0,0.0,0.0,0.0,0.0,0.0,9.59678,2.4215512,0.0,0.0,0.0,0.0,3.7800686,5.1997705,3.2224395,1.0391228,0.0,0.0,0.0,1.6484549,3.2255592,5.5842156,0.0,0.0,0.0,0.0,2.2381544,3.5378737,0.0,0.0,0.0,0.0,0.0,0.0,1.2332317,0.0,4.6304154,0.0,2.2381134,5.77672,0.0,0.0,1.7173158,0.0,3.3690627,0.0,3.6772442,0.34148288,2.6702383,0.8149234,1.1106323,2.6731288,0.0,0.0
162,0.0,0.0,1.3328753,0.0,1.6072512,4.2144356,0.0,0.9901252,2.4502616,0.0,0.0,0.0,0.0,2.4966776,0.0,0.0,0.0,2.696588,1.456479,6.440729,0.0,0.0,4.9032326,0.0,0.0,0.0,0.0,0.0,0.0,0.0,0.0,0.0,4.261656,3.3967514,0.0,0.0,0.0,0.0,2.3632152,6.0400004,2.7668526,0.0,0.0,0.0,0.0,1.4945321,4.9813085,6.2028193,0.0,0.0,0.0,0.0,3.9403007,3.904142,0.0,0.0,0.30477333,0.0,0.33877754,0.0,1.9491872,0.0,5.453215,0.0,3.414986,6.5611405,0.0,0.0,1.499793,0.0,2.9283354,0.0,3.455195,0.9817085,3.5961652,1.4691805,2.3055787,3.7034907,0.0,0.0
163,0.0,0.0,0.0,0.0,1.7456875,3.0430658,0.0,0.0,0.0,0.0,3.307261,1.1770083,0.0,1.3330188,0.0,0.0,0.0,0.0,0.5750043,3.419475,0.0,0.0,0.0,0.0,0.0,0.0,2.6247382,1.504973,1.1495204,0.0,0.0,0.0,0.7198718,1.8944119,0.0,0.0,2.4810553,0.0,0.34763756,5.520422,3.1197155,0.0,0.0,0.0,0.0,2.5153077,6.6375775,7.7951784,0.0,0.0,0.0,0.0,5.9065614,4.413371,0.0,0.0,0.16524477,0.0,0.58667046,0.0,1.1518854,0.0,2.5616727,0.0,2.034401,2.8508646,0.0,0.0,0.4765265,0.0,1.7468754,0.0,2.5675986,0.349173,2.4874036,0.70931816,1.1318078,1.5672592,0.0,0.0
164,0.0,0.0,0.8885604,0.0,3.3247397,3.9974682,0.0,1.5002183,1.641764,0.0,0.0,0.0,0.0,3.4788554,0.0,0.0,0.0,3.098311,2.4193418,5.4158735,0.0,0.0,5.452276,0.0,0.0,0.0,0.0,0.0,0.0,0.0,0.0,0.0,4.62552,4.856551,0.0,0.0,0.0,0.0,3.257079,7.314428,2.3837144,0.1977711,0.0,0.0,0.0,0.94596887,3.2129023,4.5015283,0.0,0.0,0.0,0.0,2.1463883,3.0456774,0.0,0.0,0.0,0.0,0.0,0.0,1.976496,0.0,6.2855353,0.0,3.5050755,7.998296,0.0,0.0,1.904829,0.0,2.219476,0.0,2.2886693,1.4467888,3.1242902,2.1066637,3.2380664,5.0121336,0.0,0.0
165,0.0,0.0,1.4055787,0.0,1.964778,2.383826,0.0,2.0778582,2.2214901,0.0,0.0,0.0,0.0,2.4502144,0.0,0.0,0.0,4.073529,2.10227,3.63263,0.0,0.0,7.7705803,0.0,0.0,0.0,0.0,0.0,0.0,0.0,0.0,0.0,6.773338,3.6053643,0.0,0.0,0.0,0.0,3.8956099,6.3582535,1.8845999,2.0641909,0.0,0.0,0.0,3.8629615,2.951,3.2737617,0.0,0.0,0.0,0.0,3.421821,0.9257297,0.0,0.0,0.0,1.7326543,0.0,0.0,0.37332022,0.0,2.9780169,0.0,0.86722064,4.2341027,0.0,0.0,1.2279425,0.0,0.99930274,0.0,1.0291415,0.39864725,0.93813133,1.2720597,1.481529,2.4944007,0.0,0.0
166,0.0,0.0,1.0048836,0.0,3.4982035,3.7353034,0.0,1.3458614,1.1392024,0.0,0.0,0.0,0.0,3.6522949,0.0,0.0,0.0,3.6528265,3.2769387,4.2498636,0.46728665,0.0,3.867669,0.0,0.0,0.0,0.0,0.0,0.0,0.0,0.0,0.0,3.4730465,9.091167,0.0,0.0,0.0,0.0,5.230836,7.103648,0.9536182,0.0,0.0,0.0,0.5540577,0.0,1.6569183,1.8353307,0.0,0.0,0.0,0.0,0.760331,1.4996902,0.0,0.0,0.4465711,0.0,0.0,0.0,1.3173171,0.0,4.4971023,0.0,2.3182166,6.149794,0.0,0.0,1.2738243,0.0,0.36759913,0.0,0.48853344,1.2532593,1.9758044,2.4526255,3.391881,4.518789,0.0,0.0
167,0.0,0.0,0.0,0.0,2.0434144,3.5499117,0.0,0.10815987,0.4359489,0.0,2.1469789,0.0,0.0,1.7551763,0.0,0.0,0.0,0.0,0.7330122,4.409856,0.0,0.0,0.0,0.0,0.0,0.0,3.5039353,1.2935392,1.1334373,0.0,0.0,0.0,2.0513165,3.213662,0.0,0.0,3.326605,0.0,0.39753237,8.789658,2.80969,0.0,0.0,0.0,0.0,1.276855,5.687754,6.9446883,0.0,0.0,0.0,0.0,4.535535,4.336066,0.0,0.0,0.82395273,0.0,0.57513386,0.0,1.6264462,0.0,3.7391098,0.0,2.8846235,4.405126,0.0,0.0,0.7126466,0.0,2.0133717,0.0,3.2004678,0.6769342,3.6444013,1.4889016,2.081403,2.7125547,0.0,0.0
168,0.0,0.0,2.630693,0.0,0.24848545,3.3215268,0.0,1.9131697,3.6845872,0.0,0.0,0.0,0.0,2.1404505,0.0,0.0,0.0,5.675601,2.2277207,5.24078,0.0,0.0,7.808156,0.0,0.0,0.0,0.0,0.0,0.0,0.0,0.0,0.0,5.3824143,2.5914996,0.0,0.0,0.0,0.0,3.4973125,5.483179,3.712347,1.7251625,0.0,0.0,0.0,2.9187887,4.1291475,6.609009,0.0,0.0,0.0,0.0,3.4666016,3.6711233,0.0,0.0,0.0,0.0,0.0,0.0,1.2082516,0.0,5.584135,0.0,2.1649282,6.913387,0.0,0.0,2.3541226,0.0,3.8611016,0.0,3.2072976,0.5340699,1.7486553,0.3538865,0.87239486,3.0854356,0.0,0.0
169,0.0,0.0,0.6747321,0.0,2.2975657,3.4796069,0.0,0.7883408,1.2993554,0.0,0.0,0.0,0.0,2.614147,0.0,0.0,0.0,2.0593514,1.6312011,4.7582426,0.0,0.0,3.4377537,0.0,0.0,0.0,0.0,0.0,0.0,0.0,0.0,0.0,2.5154686,6.7734237,0.0,0.0,0.0,0.0,2.9666893,9.3819895,2.4011872,0.0,0.0,0.0,0.0,0.786075,3.8741245,5.015441,0.0,0.0,0.0,0.0,2.6860135,3.408785,0.0,0.0,0.39867437,0.0,0.1992117,0.0,2.1341276,0.0,5.380558,0.0,3.762714,6.529993,0.0,0.0,1.1543334,0.0,1.4903934,0.0,1.9318342,1.549413,3.3582885,2.057027,3.3932269,4.4951105,0.0,0.0
170,0.0,0.0,1.8944968,0.0,1.3984897,4.051868,0.0,1.5371099,2.944665,0.0,0.0,0.0,0.0,2.7607164,0.0,0.0,0.0,4.454196,2.1690776,5.977539,0.0,0.0,7.4710603,0.0,0.0,0.0,0.0,0.0,0.0,0.0,0.0,0.0,6.4021435,4.799994,0.0,0.0,0.0,0.0,5.2619033,5.372758,2.7199817,1.2578852,0.0,0.0,0.0,1.3913857,2.0710874,4.144887,0.0,0.0,0.0,0.0,1.1519496,2.7096193,0.0,0.0,0.0,0.0,0.0,0.0,1.8703283,0.0,6.237931,0.0,3.303632,7.7672973,0.0,0.0,2.0816143,0.0,3.383378,0.0,3.5288854,0.9981539,3.29991,1.4830045,2.2832694,4.2302694,0.0,0.0
171,0.0,0.0,0.12570813,0.0,2.3172176,4.073877,0.0,0.10690022,0.62877184,0.0,2.223748,0.0,0.0,2.0865068,0.0,0.0,0.0,0.14675908,0.9600362,5.2048726,0.0,0.0,0.26586038,0.0,0.0,0.0,4.403662,2.1728082,0.38396937,0.0,0.0,0.0,0.7756941,4.697006,0.0,0.0,3.3958137,0.0,1.4438167,10.512548,3.5355396,0.14991647,0.0,0.0,0.0,1.7571924,5.3957324,7.491329,0.0,0.0,0.0,0.0,4.2099304,4.699246,0.0,0.0,0.064797744,0.0,0.255333,0.0,3.174007,0.0,6.0011954,0.0,5.4099674,6.618484,0.0,0.0,0.75859094,0.0,2.9039428,0.0,4.5861855,1.545134,6.0770407,2.162862,3.5600445,4.340899,0.0,0.0
172,0.0,0.0,1.5048724,0.0,2.3717983,3.8778286,0.0,1.7799159,2.7420065,0.0,0.0,0.0,0.0,2.6140506,0.0,0.0,0.0,3.0697255,1.7053661,6.3786507,0.0,0.0,8.1503,0.0,0.0,0.0,0.0,0.0,0.0,0.0,0.0,0.0,4.7904167,6.5134764,0.0,0.0,0.0,0.0,4.2978697,11.667661,2.273954,1.2126555,0.0,0.0,0.0,1.7816486,2.3173442,3.611712,0.0,0.0,0.0,0.0,1.6848924,2.1500733,0.0,0.0,0.0,0.0,0.0,0.0,2.523773,0.0,6.134364,0.0,4.423617,7.3956933,0.0,0.0,1.2499915,0.0,1.7212206,0.0,2.312724,1.7971814,4.0539637,2.3849144,3.8982008,5.1255946,0.0,0.0
173,0.0,0.0,1.4726462,0.0,2.3098795,4.3552337,0.0,1.1881084,2.0288804,0.0,0.0,0.0,0.0,3.4525118,0.0,0.0,0.0,4.196824,2.8197205,5.5417767,0.0,0.0,4.7993793,0.0,0.0,0.0,0.0,0.0,0.0,0.0,0.0,0.0,6.209374,3.383251,0.0,0.0,0.0,0.0,2.7709846,5.228354,3.1842334,0.732903,0.0,0.0,0.0,2.0057793,4.318484,6.2406483,0.0,0.0,0.0,0.0,3.4517486,3.7559333,0.0,0.0,0.0,0.0,0.0,0.0,1.5559369,0.0,5.5708737,0.0,2.774561,6.872596,0.0,0.0,2.002131,0.0,3.8276672,0.0,3.9977987,0.56794745,3.0200117,0.9318069,1.4025414,3.267952,0.0,0.0
174,0.0,0.0,0.42077208,0.0,2.5827014,2.626995,0.0,0.6431838,0.29051167,0.0,0.0,0.0,0.0,2.8101532,0.0,0.0,0.0,2.3368018,2.378464,2.5497484,1.3600602,0.0,1.5573304,0.0,0.0,0.0,0.0,0.0,0.0,0.0,0.0,0.0,2.6068125,6.9027925,0.0,0.0,0.0,0.0,3.3159297,5.509344,2.4681506,0.23999155,0.0,0.0,0.0,0.757254,2.9205024,4.5076394,0.0,0.0,0.0,0.0,1.7991275,3.155875,0.0,0.0,0.0,0.0,0.0,0.0,2.2337375,0.0,6.0552087,0.0,3.895011,7.381509,0.0,0.0,1.5463045,0.0,2.2667725,0.0,2.6200821,1.48421,3.608221,1.9633377,3.2184255,4.6803083,0.0,0.0
175,0.0,0.0,0.8348489,0.0,3.2330017,3.8558319,0.0,0.6820408,0.47708744,0.0,0.0,0.0,0.0,3.8227525,0.0,0.0,0.0,3.5861344,3.5788991,3.6182916,0.0,0.0,2.795466,0.0,0.0,0.0,0.0,0.0,0.0,0.0,0.0,0.0,8.089332,4.37236,0.0,0.0,0.0,0.0,2.0454383,6.097077,2.98622,0.8247044,0.0,0.0,0.0,2.0413263,3.9975295,5.8418055,0.0,0.0,0.0,0.0,3.2830186,3.424505,0.0,0.0,0.0,0.0,0.0,0.0,1.3166945,0.0,4.7636,0.0,2.3648484,5.937911,0.0,0.0,1.662421,0.0,2.6409461,0.0,2.5707319,0.69809145,2.1515207,0.94167876,1.589472,3.122775,0.0,0.0
176,0.0,0.0,1.4735397,0.0,1.4677178,3.24315,0.0,1.5906303,2.5291548,0.0,0.0,0.0,0.0,2.368904,0.0,0.0,0.0,3.6192305,1.6263419,5.0450172,0.0,0.0,7.7945633,0.0,0.0,0.0,0.0,0.0,0.0,0.0,0.0,0.0,4.0126257,5.1586113,0.0,0.0,0.0,0.0,4.989609,7.0194483,1.5850148,0.8715296,0.0,0.0,0.051584244,1.6049714,2.1827874,2.7034378,0.0,0.0,0.0,0.0,1.7409376,1.5405613,0.0,0.0,0.0,0.0,0.0,0.0,2.2171023,0.0,6.566918,0.0,3.8802414,8.020526,0.0,0.0,1.8594321,0.0,2.2863348,0.0,2.0140836,1.6697441,2.8909476,1.7680814,3.223092,5.0456376,0.0,0.0
177,0.0,0.0,0.21899077,0.0,2.705159,2.5582983,0.0,0.46503875,0.51620597,0.0,0.5789014,0.0,0.0,1.9477744,0.0,0.0,0.0,0.72941405,1.4896954,3.3919406,0.0,0.0,1.1845281,0.0,0.0,0.0,3.3528543,1.1667975,0.0,0.0,0.0,0.0,0.57605743,7.121437,0.0,0.0,1.2420831,0.0,3.3908567,10.115984,3.066963,0.0,0.0,0.0,0.0,0.2325299,4.1475043,6.2105126,0.0,0.0,0.0,0.0,2.4453363,4.431945,0.0,0.0,0.7950876,0.0,0.19304584,0.0,2.9919584,0.0,6.1131597,0.0,5.153249,7.059687,0.0,0.0,0.8014169,0.0,0.9651703,0.0,1.5897316,2.2736912,4.2978907,2.5672827,4.5881505,5.4574904,0.0,0.0
178,0.0,0.0,0.629435,0.0,1.4016559,2.933897,0.0,0.47154868,1.2237308,0.0,0.0,0.0,0.0,1.9430383,0.0,0.0,0.0,1.5993009,1.0729151,4.137143,0.0,0.0,0.6432333,0.0,0.0,0.0,1.0359902,0.0,0.71890056,0.0,0.0,0.0,2.6153316,1.8861293,0.0,0.0,1.9237291,0.0,0.0,6.0382524,4.096553,2.560307,0.0,0.0,0.0,4.2341723,4.7147255,7.3032565,0.0,0.0,0.0,0.0,4.4798646,3.5521135,0.0,0.0,0.0,0.0,0.0,0.0,1.9965405,0.0,5.3044305,0.0,3.4933305,6.1813035,0.0,0.0,1.4447463,0.0,3.505057,0.0,4.195748,0.77397674,3.8731878,1.0811082,1.831696,3.1986248,0.0,0.0
