"","RS","T cells","CD8 T cells","Cytotoxic lymphocytes","B lineage","NK cells","Monocytic lineage","Myeloid dendritic cells","Neutrophils","Endothelial cells","Fibroblasts"
"TCGA-DD-A4NF",-0.193323002919354,0.334088870468487,0.19206788447965,0.843256971523268,0.0729279487425843,0.080198259100825,1.90860847253208,1.11796109783109,1.83569304573645,2.91847137814088,2.66956583929634
"TCGA-DD-AADG",-0.03318286729254,0.513541063067103,0.289716448486299,0.837689715294244,0.193468970645831,0.140334430358377,1.61617136798988,0.454357773374922,1.67340998097556,2.52038757840052,3.09096285765092
"TCGA-DD-A3A5",0.0485330252554897,0.698149575364674,0.687777377396305,1.12426313959662,0.0906507616174918,0.176487687217832,1.86929011208623,0.522721756431387,1.90622488559867,2.47507035092987,4.02721962358517
"TCGA-DD-AAW1",0.0495252407926297,0.324994387311316,0.0662614422687213,0.462641619031106,0.139976761596351,0.235689650767373,1.75398983293318,0.647504109672727,1.5980141794922,2.4090070896692,2.58280678625134
"TCGA-DD-A11B",0.0568716453045376,0.633860688919933,0.119289768374751,0.684164227480953,0.066450485129683,0.236030842399709,2.39871514985181,0.698825754894414,2.34703630897448,2.29690946113184,3.54826216765339
"TCGA-DD-AAEB",0.0621802549260793,0.461955782700299,0.292899515444873,0.940367074431489,0.042956218694805,0.0775390179436575,1.49251285492245,0.641236054476768,1.20667355592264,2.07029020973647,2.16119278759296
"TCGA-G3-A5SL",0.0967403924258708,0.576773589501592,0.112633416985245,0.820376332540743,0.0821027404833428,0.133190049371881,2.10929083181302,0.969303066503284,1.44320860855635,2.46122907566542,3.49216911019993
"TCGA-DD-A3A8",0.12746088428423,0.334971177453075,0.100035721161844,0.941949334343675,0.1694619185041,0.229356514019927,1.42426649474936,0.578454857417339,1.50510578407852,2.35409896589714,2.0726138289942
"TCGA-G3-AAV2",0.160988615902336,0.351243317955932,0.0469799081444094,0.947676212101689,0.147965225132932,0.195299468729558,1.88547567808278,0.949383439214088,1.48297752121704,2.65468122734838,2.7433973795266
"TCGA-RC-A7SK",0.172153937316399,0.505000111643834,0.373620373245737,0.490466044707764,0.250592345536546,0.045140936975596,1.67389852333353,0.456073167371218,1.85906944706004,2.03033142814462,3.89281801754428
"TCGA-CC-A7IH",0.183333610624137,0.403956429662795,0.18205660901025,0.969103060193482,0.23198868408001,0.243741014248828,1.86488613610437,0.662277468955318,1.71203804616278,2.84234818497583,3.59908798503107
"TCGA-DD-AACV",0.270966242926159,0.680477385829946,0.0436244767470346,0.219803476404163,0.065153112931562,0.0911582278509499,1.78063689058302,1.20306933996834,2.25031559667079,2.01623441880099,2.92524881275585
"TCGA-DD-A4NP",0.273650427753862,0.394133306004337,0.162467867615304,0.93800695364701,0.363458385173974,0.197642120368814,2.1937267433469,0.757046863900423,1.7588405290149,1.9308036715433,3.0787455162624
"TCGA-DD-AAEE",0.289308601211828,0.603586731548829,0.0899048684213355,0.577412427161457,0.199942794723933,0.10952555311866,1.75862452818064,0.923576256156281,1.53510413692256,2.27466392674158,3.55986659275327
"TCGA-G3-A6UC",0.303268124481829,0.460802463020713,0.136847604192881,1.00060405019108,0.0928669637484777,0.233412148149149,1.98191634511975,0.706915181250772,1.87941125467885,2.32012218172416,2.33573262346188
"TCGA-G3-A3CK",0.305845770646313,1.51774865072806,1.48021341162807,1.65154658309798,0.560000906560747,0.410215425366192,2.67778445129541,0.851135445908528,1.88987821095851,2.23347491980714,3.01492597008626
"TCGA-EP-A26S",0.338484671751212,0.595307022283223,0.14522093708563,1.17946697702613,0.111194705501097,0.331038163953906,2.1215525178194,0.810349593442755,1.53517177627981,2.59150669357647,3.91214840252322
"TCGA-ED-A5KG",0.35895946141782,5.2900148467554,4.07303184722977,4.28378033968358,6.28194737651338,1.06709796451465,4.7202869376183,3.05436918815929,2.34461398903391,3.63057035550559,5.89380984073232
"TCGA-DD-A3A4",0.373475082788937,0.0698921502196164,0,0.241452352952585,0.0358522571643923,0.075209442945889,1.59193288934289,0.409929260549685,2.24268549047793,2.22097827029353,2.72003114522024
"TCGA-NI-A8LF",0.383914306511893,0.622179720695563,0.183327706044801,0.84727838001914,0.410521167775693,0.143549298388827,1.63660831464797,0.731076613625542,1.7463934957815,2.97485685741729,4.26260414283918
"TCGA-EP-A12J",0.38830559730561,0.754297019079247,0.313826296390398,1.26933088354583,0.155657091055581,0.297887004031496,2.21559710512134,0.976164419454583,1.78107620082204,2.85088427575881,2.64114167455652
"TCGA-DD-A118",0.389472509451039,0.470705529044368,0.152767519261769,0.851511800996279,0.0694220905615981,0.0963575596807251,2.56103281920596,1.14141865231569,1.91998492202834,2.86708527628825,4.86931682590816
"TCGA-KR-A7K2",0.39138531296885,1.44076201611286,0.112366523072563,0.58890409598741,0.284290952007242,0.161829333723753,1.7626480533734,1.00607670857933,2.0200692053793,2.10632570037888,4.50519300004251
"TCGA-ED-A66Y",0.426824293556105,0.500225046695736,0.110630508096434,0.357800776920322,0.478871912230068,0.135823010084356,1.6907662440691,1.15124942854776,2.2274588458926,2.50692403035295,4.05376127156909
"TCGA-ED-A8O5",0.44114075916814,0.79896548912363,0.280124891975729,1.39863772028254,0.630302001670754,0.209690069707812,2.31653793414654,1.27076074419496,2.12180182677853,3.26756429587376,3.7293854668026
"TCGA-G3-A5SI",0.441971518861508,0.239919606786507,0.109561151953051,0.230196201031067,0.0676715976675111,0.0797869741368192,1.7868872181152,0.5892889741691,1.66240845169618,1.90227242274487,3.17237089116427
"TCGA-DD-AADU",0.458912704801917,0.398051359632609,0.0402612230644346,0.403651674867206,0.083345715669659,0.106305644696863,1.33748634227441,0.39239950274795,1.2961695133492,1.35961505138384,1.94204026991562
"TCGA-ZS-A9CG",0.459537826429231,0.671546443512252,0.208017754895892,1.02856559877138,0.264419417010153,0.17298776298128,1.95277264796956,0.949441224666498,1.87713653768409,2.61616630999427,3.14221507137943
"TCGA-DD-A1EB",0.466617405498821,0.805050609532042,0.586692696860039,1.08384747789411,0.0846705776528571,0.203506100289351,1.50705799132981,0.740236416743185,2.19308804078248,2.73821897726208,3.82336484350639
"TCGA-G3-A3CJ",0.486629436988889,0.325016482594112,0.153286520990863,0.745156241504526,0.170628204872187,0.102152519261832,1.47950935414738,0.506193626929494,1.46550927954974,2.02309110139148,2.7508236469017
"TCGA-2Y-A9HB",0.487470953501071,1.70244155798751,1.35275852504064,1.64414101230947,0.580852849961577,0.211505231690503,2.90269125784935,1.06223684391406,2.064644894903,2.48080747357296,4.34927447598506
"TCGA-DD-AAVY",0.489989164989745,0.383424425273001,0.196103397714807,0.841249191760722,0.0925269888635472,0.174088843851822,2.04890909514907,0.58883462868931,1.8723591626851,2.45884100695236,2.14162704225343
"TCGA-DD-A73D",0.525567665192351,0.190040899073325,0.0272956240509075,0.400662069741992,0.0630646126131583,0.055144816025086,1.2696978397076,0.407234903360745,1.58382223025562,1.77287088077872,1.36683880822874
"TCGA-DD-AADS",0.526944855883331,1.31076845985382,1.621149303569,1.31356850494358,0.218342506948701,0.0551590491211939,2.33258106977422,0.712315429476704,1.3033971477603,1.54505542698631,1.43223334136265
"TCGA-DD-AAEH",0.531681471817111,2.17941929846714,2.4325586029838,2.55653924914575,0.724105818358236,0.509835615898259,2.8704210016123,1.44369091879841,2.13279167303897,2.58168047226577,3.91376144818827
"TCGA-ZP-A9D4",0.531867201994801,0.455201038884824,0.065296567127781,0.343760411137624,0.132557351324319,0.157602535516026,2.2283264429111,0.604921757230889,1.77182930886161,2.11538124352244,2.5925229243669
"TCGA-2Y-A9H4",0.535225372136017,0.81760866955656,0.399116393444799,1.14450091722944,0.144456790071854,0.226585274933861,2.32464120256516,1.59502571558686,1.87514634577686,2.27640449188203,3.21486933579662
"TCGA-DD-A4NI",0.549402415973628,1.44697321795139,1.21225804420273,1.52628264619399,0.729816791660606,0.350119753974145,2.61510104354175,1.33954452541545,1.87879554673436,2.57572407023729,3.85946414327221
"TCGA-LG-A9QD",0.570147591895569,0.761848276077877,0.32676742469588,0.904172376778559,0.685233718336043,0.172670890117707,1.7778050914168,0.747577100037802,2.11454358606029,1.66358042619326,3.3553495834682
"TCGA-MI-A75H",0.575272267970287,1.26926367256914,0.94245820394639,1.92516629878823,0.261775005222708,0.901723441866456,2.44394811651213,1.6191725997977,1.52843410541761,2.56615122700168,3.19416110961432
"TCGA-BD-A2L6",0.592768715245178,1.08555915778976,0.533363998339815,1.11279993872154,0.149825258374445,0.161767024187807,2.04884756903988,0.953732853821635,1.91210658713738,2.24595805899251,3.49159326143229
"TCGA-G3-AAV0",0.593106763226744,0.622000856661816,0.411209282790363,0.910648992451581,0.269798370895786,0.125206039747981,1.62803665207496,0.679578806805334,1.6007377053528,1.76212585788115,3.1411599639141
"TCGA-DD-AAE4",0.593249330682116,1.67927021844108,2.09572192227333,1.87696391849354,0.467618643542299,0.0920110922106212,2.56404308386678,1.34897738713542,1.86728533400291,2.39038462937935,3.59057184283186
"TCGA-QA-A7B7",0.595893424395929,1.26962370501749,0.259543673148691,0.913849184507688,0.912423489805538,0.288820196049156,1.76003028406686,1.45522427654437,2.2149834772524,2.13223371880084,3.57711647565903
"TCGA-DD-AADR",0.595998014284928,0.957430687314381,0.337539842197424,1.02283493268376,0.201585828616997,0.325999445623899,2.3399067239948,0.932543952660392,1.62780397514796,2.06679017316272,2.45244693951905
"TCGA-2Y-A9GU",0.602986317396256,0.71415838181062,0.253989266230787,0.860157053558308,0.204976735985534,0.14035963793058,1.79274915031354,0.670027253989787,1.99218845059267,2.32095840397322,2.71723727901115
"TCGA-2Y-A9GT",0.603721900264368,2.41211801056587,2.51063284603898,2.30777421073127,0.954858191877816,0.635612224307484,2.88439511032937,1.23392579179892,2.49857264327581,2.83213906918665,4.29409142816644
"TCGA-G3-AAUZ",0.605226262898296,1.20412020469527,1.02048442206508,1.2291200593577,0.654872160990494,0.13000472753829,2.6461863648283,1.29743926306881,1.85731072026935,1.94533823435146,4.32158978454773
"TCGA-BC-A10T",0.606073477565374,0.724508988822344,0.425244442148101,0.972381800135333,0.162147450506573,0.184082563350023,2.52481952497888,0.984157796014071,1.90466650642205,3.31079977708627,5.53030761517059
"TCGA-XR-A8TC",0.606514968868021,0.949179714809711,0.0578314745605733,0.274573591666385,0.123081033957956,0.152724451665596,2.19276031093831,1.02341627505385,2.24040717162898,2.3525653546536,4.0401478778029
"TCGA-LG-A9QC",0.613561510993781,0.492177454238959,0.0353423807921971,0.530386717584596,0.0748026532268054,0.140859026243633,1.62256231545554,0.641351342572107,1.59524970766888,2.48648985898026,3.96836775975059
"TCGA-CC-A7IF",0.614252999102768,0.596320449412769,0.01292617444427,0.496597492417765,0.178853098663134,0.0806929266683478,1.63951818957809,0.660207625293588,1.86060098314123,2.03289956478231,3.65321083257174
"TCGA-DD-A11C",0.616797310989332,0.98623912575744,0.1598874787305,1.09251356222586,0.35240704253592,0.307094269965205,2.91187994062849,1.26018651594406,2.2877284982412,3.45387235140998,5.03768420464002
"TCGA-DD-AAE9",0.618683961840166,0.48781460806342,0.123533772290994,0.484173504567888,0.0566017634223418,0.111284332516658,1.88426544670769,0.637692277689667,1.53546531869646,1.59245723194536,1.3081081486504
"TCGA-BC-A10Z",0.621631446033907,0.3359721512338,0.045862297908688,0.176610253039369,0.0541863137769658,0.124749552384677,2.5955570521627,0.342288859820814,2.50495983222682,1.95027694115051,2.45641342978468
"TCGA-XR-A8TF",0.626040044042256,0.9477500262607,0.524464925964998,1.03975956131382,0.193961591990559,0.14960063474029,1.97446880978967,0.63660411504671,1.87761804662102,2.21846883294419,2.49055358892367
"TCGA-BC-A10Y",0.629272961024904,1.20165427373384,0.717210299019596,1.57287423683888,0.219818060792502,0.368604541886792,2.64054580807747,1.183774751623,2.327348293421,2.7280854437224,3.77539149180301
"TCGA-3K-AAZ8",0.633626395796186,1.46107067839289,0.591296434443207,0.985166721335387,0.431032201225748,0.219037847856609,1.98486022924138,1.02878645678928,1.91411662794426,1.95549657591465,3.26394686565364
"TCGA-RC-A6M4",0.63546596277365,0.305418691275815,0.0117818594599147,0.173147657338208,0.0244489335722146,0.0228954044348495,1.6711629623466,0.400839863659442,1.40877413160246,1.75835415088017,2.3971670013119
"TCGA-G3-A3CH",0.642630216731436,1.19358407564559,0.540523296438219,1.20834630313073,0.797223490399219,0.334377332106525,2.60669128520324,1.19790711499467,2.10982016991589,2.65018538891044,3.97075417677637
"TCGA-DD-AAE2",0.643886097986326,1.48932705191154,1.45117154022565,1.64402475158963,0.643580194934484,0.310939882324108,2.78889766669483,1.22670628603083,2.09829984822892,3.0696454040321,4.56526035035684
"TCGA-DD-AAW2",0.647450414844149,0.395087620823619,0.115965431586807,1.19783287901354,0.201376246472128,0.230397517834577,1.63872735621587,0.732936540916296,1.66655039697493,2.97325372360424,3.62531422441981
"TCGA-DD-A4NK",0.649124652665684,0.503033790491027,0.165558254461174,1.0888501842867,0.0975611486844885,0.267198586308721,2.17998714901311,0.905282872482049,2.13887061530486,2.45286039007375,3.72037055922617
"TCGA-MI-A75G",0.652557276888445,0.44339968534467,0.143393418693188,0.386169405502844,0.129987615347491,0.0525016433763755,1.85183508354009,0.510766573461981,2.02109107241419,1.92943362489387,2.56392446823072
"TCGA-DD-AAE7",0.658752381161828,1.09488801674199,0.710878050195879,1.36886922069675,0.577759655173884,0.257237570911539,2.31227810985659,1.43995471522809,1.98854451670986,2.33025922844299,4.43779327015737
"TCGA-DD-AADY",0.67055161838907,0.886984317176291,0.222433640605915,0.583414625381521,0.0740969096237385,0.16964198941564,2.16914040830038,1.01692513680398,2.45050711574257,3.02748471749368,3.91204854036971
"TCGA-DD-AACE",0.671041816615877,0.564916910821403,0.198619873219215,0.480166076006991,0.232276700026117,0.0482336335140869,1.51621456358227,0.646977040458744,1.71960405511128,2.34005179540005,3.28319420631036
"TCGA-DD-A73E",0.678864952609435,0.227956534107219,0.252536766696175,0.476785054334885,0.20494093991933,0.3851181617139,1.7672931952099,0.742853091105308,1.87731974062308,2.79065002585267,2.82265018708544
"TCGA-DD-AACS",0.681111750828368,0.535410648430357,0.0529722748139887,0.597019678752335,0.124523275046469,0.0983979056818913,2.28315191639715,0.562071559592095,2.29500702969522,2.29137686365919,3.31798466459402
"TCGA-CC-A9FS",0.68123015243561,0.729374090250672,0.272023189061048,0.763150711206168,0.33426546252921,0.202389911569276,2.31884359933401,1.14931981858549,2.13664420560237,2.25783266577452,3.4458772976405
"TCGA-DD-AAEA",0.681604981282666,1.43251386868006,1.11490002395719,1.26252037756312,0.371682671984228,0.307754835236842,2.42079862442816,0.817557891042592,1.69874444254342,1.55923392939293,2.5746317770627
"TCGA-XR-A8TE",0.687390245528384,1.0727208455058,0.178746505981816,0.709616210848516,0.179362520373085,0.116749261371246,2.01451587818004,0.976072652441517,1.58511603475173,2.6147135520477,4.81957389481922
"TCGA-NI-A4U2",0.690793089517801,0.395723529332987,0.024603367140657,0.531811112066089,0.0715034415546448,0.135320556143514,1.50499923576343,0.848698444665211,1.7277473662914,2.48238644378135,3.35913470167839
"TCGA-DD-A73B",0.700847994830261,0.420132449486186,0.0865120465742818,0.706714453284174,0.163204394728329,0.208793644134798,1.71382096200426,0.579560816640942,2.2387071277097,1.93049229074161,2.33736500385678
"TCGA-DD-A73A",0.701005278632189,1.29453481373559,0.946131951910697,1.29338002811966,0.151104604341554,0.260928584382845,2.34291813203186,1.10380925466201,2.00554869041989,1.84548043439823,2.71522872216263
"TCGA-ZP-A9D0",0.703766882246107,0.545375137491935,0.104873376726018,0.610024568567375,0.118665992668891,0.106668132665609,2.02529560570239,1.02502413789852,2.14739654567543,2.36479672293884,4.18421452017351
"TCGA-DD-AAVP",0.704787991569154,0.646875646261242,0.469990138221073,1.06958818939879,0.432429195259049,0.105540336218872,2.19141866199335,0.638575449120996,1.52177547880242,2.54529332214892,3.40501960639131
"TCGA-DD-AADF",0.706518424753898,0.938431018710118,1.41093803322841,0.824082319731729,0.62030570178361,0.138426208753731,1.51302287590498,0.468794622989828,1.80401673717228,1.33960985659523,2.279061489212
"TCGA-DD-AACO",0.710199738015537,1.01247263314797,0.845028314649543,0.805215965353492,0.184005499184235,0.0993667110974343,2.32722491558498,0.926211126150468,1.88145386484555,1.83155356952788,3.19210018829777
"TCGA-DD-AACA",0.71566148720083,0.575330697941557,0.492006975593955,1.184756521341,0.474976480001387,0.195035482373329,1.99119943717862,0.652957564436643,1.69324033877101,2.78252943730452,3.88413364849218
"TCGA-DD-AADJ",0.733622097354626,0.751845298135165,0.190298791626595,0.83220194154367,0.367198163865187,0.0455123986655779,2.0973644710599,1.35199446230934,1.85510907157442,1.94999059504656,2.14675216157089
"TCGA-FV-A3R3",0.749681276092184,1.13099290267414,0.453754606851697,1.1656899933902,0.34926138362539,0.171062283240712,3.09404090312415,1.7679914114182,2.38559219709283,3.56488613426168,6.01998159983598
"TCGA-DD-A39Z",0.749691300618607,0.470011837991619,0.350044565862694,0.747872213565497,0.065887895929986,0.0556080645650143,1.41343625175495,0.644832854697887,1.62436051696903,2.05304294832009,2.02099084252675
"TCGA-DD-AACW",0.750453046578364,0.998781506266133,0.217230716220669,0.966548695609602,0.402447340108471,0.263919261804271,2.57776692230245,1.56383072067362,2.16536381357673,2.23042363268838,2.31539549813058
"TCGA-CC-A7IJ",0.7523356830875,2.83613629981846,3.34684345435114,2.37557409347518,0.580831829656,0.288616883958556,4.62510951261396,2.40562775878069,1.35662215822383,2.88047482301797,7.89427096869518
"TCGA-G3-A25Z",0.752851091767196,0.6353215701119,0.0728604019312449,0.386267548445505,0.0860263463689482,0.0344790999212005,2.83564596711861,0.853748210591631,1.97328920138943,2.01348797738361,3.68743282255388
"TCGA-G3-AAV5",0.755362648877894,0.756927123102814,0.385927956594824,0.6398023994686,0.457345685450173,0.0736064752891826,2.34174191414411,0.734756620739264,1.3620352319979,1.6929098805991,2.45383897564163
"TCGA-DD-AADV",0.756337305299745,0.909165205777991,0.333080194006724,1.07205626132262,0.262509868487242,0.219479775381517,2.89459887078735,1.44679352275681,2.35111204682961,2.90454284822929,5.30738792560906
"TCGA-DD-A73F",0.757893724450592,2.28440766480936,2.51636821097614,2.1332191175222,0.555733555354381,0.522898712416713,3.42881436864155,1.33005982215976,2.09956751275176,2.53119547214445,3.46789103841951
"TCGA-DD-AAE3",0.763926386801948,0.367381750652732,0.0725860470685965,0.669924281433498,0.169436541491787,0.0730856535771819,2.14496892556099,0.835955544965931,1.71787305280089,2.88695028502187,4.2945932983945
"TCGA-GJ-A9DB",0.764938579686991,1.00653813716548,0.438399319609223,0.848794984743835,0.442530128835197,0.286909546284133,3.15480780242881,1.48273944454662,2.28454941510142,2.97728927135877,5.16005449666199
"TCGA-2Y-A9H9",0.765629350067573,0.774396485725011,0.393965275660243,0.895646801094287,0.164418773164549,0.289617361118658,2.73838403207269,0.89514278221665,2.33987997543063,2.51611081608446,3.54915545530212
"TCGA-2Y-A9GZ",0.771991934238428,0.54960217408391,0.195347598322219,0.652685709214453,0.502043954228783,0.2148950517357,2.03989950415924,0.881708385019235,2.34575555886127,2.71888385440611,3.06842344321345
"TCGA-DD-A1ED",0.773263989754657,1.02090861709079,0.503043370568864,1.27967444572309,0.630480613820235,0.338389163166827,2.89091866440817,1.32653167125697,2.3175403016347,2.5324910367761,3.55935591278068
"TCGA-WX-AA46",0.776073802614488,0.390261196289172,0.184343777952907,0.643215452037825,0.133800147984772,0.220575610909685,2.34558496863068,1.07575403219492,2.00230993372684,2.30458182823664,4.0301381371739
"TCGA-G3-A5SK",0.782185740663318,0.75051821286727,0.444349024064218,1.72664492538704,0.286790216027899,0.710789321013596,2.42379528633933,0.856988643580423,2.17281972792591,1.70952340004496,3.57404822321596
"TCGA-ES-A2HS",0.787584814651027,0.346027494584356,0.0543622884496891,0.499268908036885,0.158490664318353,0.0752175898868378,1.76873691997503,0.54443081706235,1.65341287957955,2.08959729268513,3.42031136018759
"TCGA-RC-A7S9",0.79369719318856,1.05914029270397,0.4602707607525,0.989279247106762,0.709203730398819,0.141952065577013,2.31820867857887,1.48905221839977,1.80811287223354,1.65800101528643,2.24794533099378
"TCGA-DD-A1EH",0.79405162417625,1.05830261892104,0.459956139654123,1.00036060041959,0.583067628003281,0.228829612385339,2.88643105113216,1.10410700592053,2.25862613156736,3.1632931737442,4.83421114385541
"TCGA-5R-AA1D",0.796591873491392,1.26334106641963,0.377512488485005,1.07533416380783,0.415496926887996,0.240597646201957,3.0345191110269,1.73118208813765,2.21144845565903,3.85380315553243,6.51745306395711
"TCGA-G3-AAV4",0.803841098061745,0.52909244841134,0.0192037339730927,0.399727587524457,0.106071822535049,0.188302178561252,2.16574160349687,0.896797155756382,1.65206532675004,2.78319949199947,2.69706416698323
"TCGA-5C-A9VG",0.803944619815255,0.762314377945906,0.171719239087848,0.511199599984884,0.239980705546971,0.13366397830224,2.37846129804397,1.09039592279464,2.012989240205,2.99412180759728,5.47493236726923
"TCGA-BC-A5W4",0.807715269968586,0.891476320974244,0.0367494764278683,0.316233769782362,0.0835643601153027,0.0569515635665972,1.41925901725632,0.573128886848452,1.33824306698425,1.24082735536737,1.87766047296873
"TCGA-ZS-A9CF",0.813772368643659,1.26955330872158,0.319617934200161,0.85266998867851,0.198258273665844,0.382409688923703,2.73852532793262,1.69940618009955,2.47670585142632,2.75630348768273,3.40399826731879
"TCGA-CC-A7IK",0.814222585259721,0.547830679045046,0.0905824763624423,1.0253250555103,0.0912577518065906,0.284054164155707,2.00990058402166,0.884460835530647,1.73653486884198,2.43861243344059,2.64991573501509
"TCGA-BC-A3KF",0.817275463216453,0.700959664777303,0.200253231593687,0.522534862878749,0.235509996647401,0.183623224973863,2.17401074343204,0.929156985396013,2.1309547085895,2.58819391416215,3.38126402515828
"TCGA-DD-A4NB",0.822719695240241,1.58696677295228,0.783582373940371,1.57304610400334,0.225664668914001,0.268479750626365,3.12095292343413,1.67884044339338,2.27178851013032,3.39905551058199,6.8414655873587
"TCGA-DD-A4NV",0.824631316709063,1.12512113966663,0.372283512880528,1.28674469704743,0.271646263501476,0.37093938234683,2.6661595409315,1.32368248410102,2.50798833600446,3.09056382493749,5.2898930120696
"TCGA-G3-A3CG",0.826157345514598,1.04855570296725,0.413377445267708,0.811054656010418,0.261226979319316,0.120893512744186,2.42676248796143,0.840160455096919,2.45285116172245,2.41869334931966,4.08197466797775
"TCGA-K7-A5RG",0.833814769555403,3.24967908987894,3.29601682253322,3.13334366632506,2.596046713417,0.788243393970787,3.87835239861451,1.86601488399663,2.21155556683327,2.36063283407493,3.86596583690381
"TCGA-DD-AAVW",0.834640611600276,1.94235153462832,0.273217473103495,0.896576664636347,1.13873651263703,0.231502219082359,3.44561192409954,2.4877578027606,2.14836812939386,3.27504247578333,5.9351704172656
"TCGA-DD-AACK",0.836773607521273,1.12361857835087,0.245373962618162,0.602918471056986,0.0814481626784539,0.0849901926040537,2.77492400215287,0.758879705324574,2.04858094702375,2.57753898002827,3.1816122909826
"TCGA-DD-A11D",0.841544608542107,0.671203115466462,0.252052275031513,0.493926495361485,0.141185307103358,0.137484846820442,1.8837323635407,0.914437933315071,2.38535916483914,2.77187708266068,4.08132737539715
"TCGA-RC-A7SF",0.843841217283081,0.96790780202345,0.383054501449792,0.676609529019293,0.165577010319504,0.131385018887866,1.59755672061147,0.732202902270126,1.83711833323542,1.53841703197911,3.37532477624344
"TCGA-DD-AAW3",0.855610184691734,0.400888044829277,0.105946211905325,0.661837879416919,0.12434298264479,0.0962843820358937,1.7809469560428,0.655051486856932,1.48981674270975,2.35372170249149,3.35123823255407
"TCGA-DD-A4NL",0.862572107656752,0.79194367094182,0.358171174969554,0.62238976314553,0.187679378540275,0.139495962868286,2.2945941358061,0.887199848516093,2.4294276695195,2.53236228773152,4.31454336855119
"TCGA-RC-A7SB",0.872948683538365,0.552667418693376,0.213005038545048,0.583713539345773,0.142509878725515,0.0908846309893754,2.00281358663004,0.915030351099769,1.73523296994686,1.81363163317832,2.9881557903076
"TCGA-UB-AA0V",0.873856019506516,0.954873161933935,0.544782104786663,1.40018357911861,0.333706921960885,0.32938414004692,2.64559388820969,1.57745916528523,2.25936491881088,2.86551684606651,5.29905662006639
"TCGA-G3-A7M5",0.877828031877076,0.637160459067666,0.292546187950339,0.922407922802381,0.0589276156618091,0.233794734973719,2.23366920902616,0.598357036065324,2.14316785851069,1.67566869083045,2.4554642775891
"TCGA-G3-A25U",0.879041416192809,0.411905924478668,0.191309967445729,0.739965015791242,0.170259160987185,0.217868676505351,1.76539493304195,0.6444314003074,2.51229437031579,2.26259283710632,3.0130643181725
"TCGA-DD-AADI",0.891153031216125,2.27543716767976,2.06308871201928,1.95682011432797,1.297729667636,0.262528722245056,2.7157876972201,2.62736574454165,1.85366575305275,2.44234559646569,4.96196532276689
"TCGA-DD-A1EA",0.898315123931525,1.60219408231693,1.24999136835819,1.80036963768485,0.938175996096547,0.35285257698124,2.89509100602648,1.17403001347944,1.6323541664701,2.73488321668535,2.60392060656371
"TCGA-ZS-A9CE",0.899407558425856,0.336199422403987,0.0655723115936221,0.174520517587428,0.0410074554367233,0.0558967127359699,1.65528307254734,0.34332570320378,1.76175755994972,1.86316555023768,2.60933460280951
"TCGA-ZP-A9D1",0.90122679754063,1.63582295378502,0.561985922301846,1.03499954861758,0.587195023007172,0.459409811813978,2.88079568000136,1.07659681371645,2.52842417486484,2.90305066927148,4.91752063437717
"TCGA-DD-AADL",0.906690776314908,0.450320536764652,0.189286906583612,1.14562308166806,0.0947439423936115,0.167619332494163,2.3162365040758,0.768943452247949,2.23539906975289,2.22983021536721,3.28725476032242
"TCGA-DD-AAD1",0.918163012155878,2.66402185581009,1.71241969708052,1.70192643578873,3.39560775845676,0.395505883623439,3.17374277712219,2.70027279875965,2.62921682334355,3.52119700881528,6.47403873679295
"TCGA-CC-A7II",0.920495194412502,0.508906896367915,0.549126980199267,0.788379486818971,0.345945788037152,0.105171326120116,2.1978396338444,0.478473950912346,1.17623494879916,2.34700508677449,5.56750398701496
"TCGA-CC-A8HS",0.921132152363302,1.10686924859511,0.174917695239588,1.14542008817613,0.791953209902632,0.271506292752109,2.12542176373539,1.65428703360062,2.2584521973168,2.78802096669286,4.10521904231596
"TCGA-DD-AAD6",0.921798563149706,0.56604699499866,0.0661236424652936,0.174550559827283,0.0171486752161591,0.0489594112924402,2.25376302436323,0.557839416014034,1.42561898445458,0.999301430032487,1.26398728105623
"TCGA-BC-A10R",0.922003124837967,0.650685648359125,0.121413330915865,0.370473956493444,0.232854754116801,0.0496467065301194,2.23301021985758,0.891446157875694,1.92717152271831,2.67202077708048,5.11952666723705
"TCGA-DD-AADW",0.92305659287095,1.11171180952128,0.24379092506481,0.739160386099307,0.785332481579363,0.21571411991504,2.97443417878166,0.833902047688389,2.11553268658125,3.41034105340314,5.34925408118663
"TCGA-2Y-A9H7",0.924002197783181,1.10944697065303,0.190804468127001,0.710189677697958,0.403659219877738,0.118803449292745,2.15137483411149,2.10723749754525,1.90497559434403,2.21160128329479,1.8486695790204
"TCGA-G3-A7M8",0.927571963232542,0.255739624958365,0.0781999199213715,0.316670387482213,0.198922935319307,0.135444126023481,2.57952033197329,0.915662993480532,2.14782013783871,2.43875672582132,3.80760929765201
"TCGA-DD-AAEI",0.930785226756884,0.922903175096016,0.267356011783887,0.826258869425694,0.0901901453717804,0.176446867696511,3.10227348269133,0.61630794627415,1.6669414700937,2.05874812337299,2.45374414882105
"TCGA-DD-A116",0.932323877375377,0.762702996000555,0.332851122072154,1.01987253098935,0.316544381365888,0.163699745599099,2.16159347935638,0.75501437597941,1.37161240178549,2.03169527586936,3.68688583540259
"TCGA-RC-A7SH",0.935396420575793,0.63422821438678,0.127633279725874,0.452997264590039,0.219942676953002,0.0677667261409138,1.6196030040488,0.393982705709423,1.7922933237531,1.98627698023468,3.87044080765608
"TCGA-KR-A7K8",0.940231180032943,2.17606161964519,2.68555896653636,2.24365010700674,0.89425792000172,0.427136091323183,3.191125702015,1.30892426327107,1.87735903634098,2.75656396260957,4.4464608236572
"TCGA-BD-A3EP",0.948330350715133,2.3704028409924,0.842134080105623,1.40174969566922,3.59180166417555,0.300364237052314,3.41382148082357,2.67985871618153,2.21441106566959,3.00400691207539,5.26686313167712
"TCGA-DD-AAE1",0.952187321955391,0.944398555601009,0.11169907219742,0.768355500533018,0.43565023042798,0.172018013204153,2.0513800991992,1.36044753807041,1.90258987315857,2.09861493200272,2.32401014413641
"TCGA-T1-A6J8",0.955867185386746,0.646506412701463,0.231186613227865,0.556589768381525,0.241652145766126,0.0859945533579012,2.3850209725546,1.28996373575651,2.02314893112505,2.04182051553394,4.43844425332571
"TCGA-DD-AAD3",0.960950436117187,1.47723299367793,0.450802152879819,0.866632822643026,0.546215285645242,0.0691509242999452,3.02119079355642,1.55098581907266,2.16630694432319,2.85049828694556,5.68583950068516
"TCGA-HP-A5N0",0.962137038433055,0.65718198159393,0.338224719989013,1.81539011509161,0.719043998793792,0.544154897246668,2.76110220876781,1.70381189046192,2.42362997850625,3.91582786564082,5.48770582274531
"TCGA-G3-AAV6",0.964269214236628,1.1738520207714,3.38046626008052,0.919326710980081,0.254465418361492,0.0795116575113037,2.84420029616446,0.944351071590106,1.76977869515473,1.88805318178135,3.99047024097797
"TCGA-G3-AAV1",0.965443435571215,0.440408790433641,0,0.291016261137626,0.184986244667808,0.156830205721281,2.83751090180017,0.942050198121859,1.67794147844195,2.76148843151446,3.65965973700208
"TCGA-2Y-A9H5",0.966258510799983,1.41068395056867,0.337425664282688,0.706065529333061,1.03759863994816,0.126481609928917,2.59832046431225,1.6000605490848,2.23825392356321,2.86195411257954,5.62697700817492
"TCGA-RC-A6M5",0.967220943384722,0.673325887129782,0.137372363693398,0.822768447160155,0.411015363106714,0.181933090584154,2.25154814641555,1.35263177216579,2.25487889336825,3.38364128258681,5.64322412830203
"TCGA-DD-A115",0.969956153277319,1.1639702114311,0.58207422139633,0.822074709141276,0.139895647924743,0.315329569806446,2.515613760074,1.02683478878397,2.29217024800013,2.73449138643602,4.93708305241136
"TCGA-KR-A7K0",0.971649453082293,0.735841961877731,0.250719083400555,0.879396716523271,0.243538830825046,0.174260965144477,2.75346242874897,1.03843317430804,1.79822716778338,2.41378109877441,4.24928320868455
"TCGA-ED-A7PY",0.973949569867232,0.531492587576844,0.236339539168374,0.783251947145912,0.296502884121601,0.086369622661026,1.79247676026921,0.878829881744794,1.9758121274515,1.74308434765866,2.93722498333571
"TCGA-DD-A1EI",0.974525617953388,1.25735372167983,0.228726355058498,0.87506426678653,0.597348835462715,0.202066424687664,3.39913259257844,1.56260890012074,2.29054081131044,3.17005411307409,5.57471004283282
"TCGA-UB-A7MB",0.975471809241597,0.555764952849021,0.120086470672526,0.52178033637368,0.223547892236422,0.355934110499169,1.82122797117748,0.692682179301209,2.44771904253813,2.53007485729112,2.90763562481342
"TCGA-DD-A11A",0.976159788480481,0.396018843876552,0.093154487907083,0.861478102202087,0.0810243237468637,0.184506822037199,2.3999160212152,0.813108520551453,2.39719043184511,2.70810001797374,2.92070877877991
"TCGA-DD-A3A2",0.980532042085101,0.313297103564789,0.138945497923841,0.775439158109538,0.315841976988013,0.178652823322388,1.1872988356321,0.73214436862347,1.64939402342614,1.67857007951297,3.11532969159458
"TCGA-RG-A7D4",0.990798603183546,2.36435586294168,2.51966770089372,2.14974674494377,2.09812599941362,0.597837835219513,2.74820410874883,1.12708070591055,1.27108939307044,1.54976517854443,2.67540888510477
"TCGA-MR-A520",0.997280883611537,0.467358435862345,0.314174451089644,0.901744654442988,0.213995228438752,0.269554660109056,1.97194903714211,0.845904953386561,2.22452582194763,1.89950684700067,2.92602823524041
"TCGA-DD-A73C",0.999602336251096,0.908344320140207,0.54468320538365,2.04002120210036,0.229236960187493,0.499085989065894,2.37146415549635,1.21336979428536,2.45221687433827,3.33363323363745,4.25622099276256
"TCGA-DD-AAVZ",1.00185789557688,1.15613235769167,0.160791139919387,0.445537316579131,0.625769545246649,0.128324973141382,2.90772226298993,1.34964817084571,2.28849561074242,2.3638277743711,4.05389018914343
"TCGA-DD-A39W",1.0041298872379,0.738907279248835,0.239398041566555,0.995735886468653,0.415530811918613,0.219314995540008,2.09205645550969,1.04184444704696,1.77104277613553,2.51458227782619,2.61302014284057
"TCGA-DD-AAVX",1.00538589293098,0.970132524815179,0.483261159952127,1.13621944881706,0.268300050344416,0.219367708526369,2.45682435375633,1.14876897940676,1.88595204632249,2.64028942861189,3.72362336574591
"TCGA-ZP-A9D2",1.00811209300443,1.28241833979312,0.39011735366633,0.902445741871264,1.62847925013311,0.220912214671252,3.57008417541705,1.09531857125819,1.86717579494964,3.16095598150802,5.7296477034623
"TCGA-2Y-A9H0",1.01186091174887,1.70278016647471,2.1666511809498,1.58476779781901,0.567873355301781,0.609570335620007,2.81176185565346,0.616080962263267,1.88427928704865,1.56909833938896,2.64856724635304
"TCGA-DD-A4NE",1.01217128910299,0.395920502170725,0.0163536835778348,0.374989224924032,0.0582396790119187,0.125890500320033,2.1279075760485,0.589759198113686,2.14119893536201,2.53309918152278,4.62981305755436
"TCGA-BC-A216",1.03038456798748,2.10719322164175,2.40998825794124,2.27487860120265,0.295193078336177,0.927658474244013,2.1644064822771,1.33296980411975,2.39555628212475,1.59078347532776,3.71087227888588
"TCGA-DD-AADM",1.03423604091465,0.883665164206202,0.249506020989147,0.608143705411436,0.182640848677724,0.0880648915446472,2.220904480014,0.698741650461438,1.61642434856179,1.72620162483971,3.87944707634283
"TCGA-DD-AACN",1.03743692021811,1.60256129754095,0.747172537035463,1.14844089857561,0.963893312302597,0.244455046385552,3.19187538132016,1.8216306851454,2.15804572584844,3.139043553103,5.51785337373228
"TCGA-FV-A4ZQ",1.04739690013308,2.84599334418297,3.48100179431215,2.96284216679461,1.35672560047158,0.525698663378974,3.6519218376404,1.29919261976394,1.74438478030384,1.67259769070376,2.47612217670777
"TCGA-DD-A3A6",1.047567974651,0.970551776677407,0.789186704382044,1.25052938068412,0.526376549307375,0.83139299044703,2.08311147132464,1.25814588340665,1.31995651913409,2.66695728253557,5.50383475538882
"TCGA-DD-AAE0",1.04918321265454,1.25480299299554,0.545671894458041,1.10804916843899,0.459638369181967,0.101246614692641,2.44738928034132,0.611666060371292,1.43761935072822,2.27059084659712,4.97542871242447
"TCGA-EP-A2KB",1.05477899374995,0.927999407181042,0.549521320789638,0.757837522292868,0.117058393261059,0.125314998022714,2.56211220532811,0.930497434649531,2.03307475508254,2.0924135134057,2.39070127249207
"TCGA-ED-A82E",1.06448008651503,1.11898096740423,0.152897287198972,0.547122807531866,0.405376075099506,0.0861887936809039,2.34746529125077,0.743768728973238,1.19618991402526,2.99091041032884,5.63237345896246
"TCGA-FV-A2QQ",1.06458021836088,1.4972557282963,0.686253987354753,1.18548120734079,0.629536470754986,0.152739824400613,3.09300364228091,1.29258459705238,2.02128424430796,2.3169728305306,4.31203653683771
"TCGA-DD-AACD",1.06503091905769,0.763234949031408,0.320311370907041,0.880578821052585,0.191359498850587,0.145350199293546,2.554230698744,0.803126152645172,1.51137051077671,1.93075733465334,3.37457582254305
"TCGA-DD-AADP",1.0676463545229,1.14399795418113,0.249263286061193,1.14392882660266,0.946994484943897,0.18980691783278,2.40046191617842,1.17767892268264,2.49598775135266,2.6673328492874,4.32514127331214
"TCGA-2Y-A9HA",1.0695482717173,0.73061356294249,0.0503275535584249,0.725065919737388,0.179689888566994,0.201014351234544,2.61814239400739,0.981888918305171,1.70996958833771,2.80508265187397,3.40168834753987
"TCGA-DD-A113",1.07125255096859,1.25880560948799,0.810895481820967,0.97964089804429,0.531658583733344,0.154375930650142,3.07782549718321,0.905626188556971,2.24693352387898,2.65719541162447,3.86410142604924
"TCGA-DD-AAED",1.07509124449543,0.852683527037521,0.152378145401039,0.522688391827393,0.43772995486802,0.154412593307309,2.35260435807702,0.617936826907188,2.03686744727523,1.09134845898378,1.53321396832878
"TCGA-LG-A6GG",1.07690271963642,0.501953532648507,0.0467005867416223,0.222832065722058,0.0813008021140187,0.134892988674089,2.45955686493669,0.788490389753285,2.12844536146544,2.48130345925703,2.56966819927686
"TCGA-BC-A8YO",1.07754578291641,2.35999143018678,2.46349167726237,2.70426806557841,0.504850799692706,0.755041872735582,3.80617161597908,2.10287757036046,2.28016559276314,2.42979702105765,3.20727011630998
"TCGA-WQ-AB4B",1.07939193227154,0.807839820987277,0.105409894040082,0.365717236573576,0.140079149502148,0.0953215840827911,2.24177832021624,0.868458566054495,1.69549438269271,1.95136945033889,3.88804309345444
"TCGA-BC-A10X",1.08514161518305,0.775247214816067,0.66893602711903,1.18523494777602,0.508858748149816,0.393247434534843,3.01088520967387,1.42369542704773,2.36204011926197,2.69604087741848,5.70688340270111
"TCGA-CC-5258",1.08526910058973,1.43725334709833,0.343805752252313,1.16386596623694,0.593584967183153,0.147316573776131,3.93385871671526,1.99235897859227,2.48998010604248,2.62263763477347,4.63582316735246
"TCGA-2Y-A9H6",1.08849806786907,1.77027143439043,0.599793852122242,1.2873970780779,1.02618598182039,0.350251073805352,2.47933281283843,2.05844673514037,2.24780526368786,3.00653732839039,5.26080237279564
"TCGA-XR-A8TD",1.09209722820483,2.22555341645382,2.06222535007033,2.36087532654496,0.909975717786719,0.304563561454011,3.43398494620376,1.33709081051123,2.2639632650659,2.98152058691155,5.69015399808754
"TCGA-DD-AADD",1.0986016678888,1.01193342232008,1.07265464067569,1.12574227773127,0.365387188498704,0.208919066487378,2.50157244640654,0.952848130644051,1.77296889113343,1.93939065552033,1.98590696980862
"TCGA-FV-A495",1.09945553861457,1.59504325945396,1.26621684473137,1.157715101089,0.865107246694826,0.0739208135574098,2.64267752945452,1.70850486940247,1.81829089789658,2.30738892925346,5.77282907410682
"TCGA-ED-A7PZ",1.10236710245457,0.36629604847322,0.287826867285081,0.237880645781126,0.641876555478573,0.053870312148124,1.91299353469852,0.759419146259802,1.18359892296746,1.92583208108475,3.6170228511886
"TCGA-BC-A112",1.103452098096,0.640637114618994,0.0867837661420666,0.634632794518896,0.961012741384288,0.0981222718223464,3.48794590317972,0.998285467726289,1.6371555266969,3.10961580647652,5.56583439734198
"TCGA-BD-A3ER",1.10518626998797,0.922481081236552,0.15678490755436,0.362491250338557,0.353384584282669,0.0538263402045796,2.73172336804507,1.19888853588346,2.07755829445457,2.68443642181424,5.01864614442406
"TCGA-DD-AAVQ",1.10807434203999,2.96473883067025,2.11546611972309,1.95833994166257,3.41964173644788,0.317089081281616,3.18950468146622,3.30456014812073,1.68551323626126,2.37493995492244,4.65077920459214
"TCGA-UB-A7MF",1.11030633853961,2.20518598815144,2.39489822415673,2.55755402299372,0.591965862721743,0.67068213203551,3.42351932569392,1.46502323085352,1.91832532365098,2.00062591408105,3.78292088616508
"TCGA-FV-A23B",1.11065834509321,1.34341308706461,0.726482487265049,1.42155086578995,0.476276771471964,0.238112435471899,2.84684086935684,2.0413391405357,2.15320003718511,2.83979151290137,3.07203585784147
"TCGA-ED-A7XO",1.11081971410068,1.30169258547328,0.796929942638511,1.30754724081433,0.637265141410971,0.204576606933698,2.66010262607549,1.37837386400503,2.44338562876895,2.52208808154922,5.54080194136704
"TCGA-DD-AAC9",1.1200144822641,1.20163277302106,0.336511915512762,0.668496351317248,1.21446393070079,0.0715075857868911,2.56080043952609,1.01768191933687,1.91289615240546,2.04396580215653,4.79492490123459
"TCGA-2Y-A9H3",1.12801317770767,2.11650934608069,1.34704195979693,1.85062385724241,1.30166211492293,0.253461804751604,2.31552306293147,1.27919534367421,1.70882868975865,2.39164809100912,3.84176360143782
"TCGA-DD-A1EC",1.12807658248603,3.1796594711497,2.67147454729544,3.54370183199961,0.991107043338547,2.26953677007726,4.28348328363982,1.77311822964902,1.69516959082642,2.55416787724419,4.12794114639618
"TCGA-K7-A5RF",1.13015121226794,1.42763655315903,0.955759158846881,1.33738963687971,1.29515770443325,0.233694712200117,3.2444576692229,1.0795363524033,2.55315841705484,2.46840078818074,4.98528278765909
"TCGA-BC-A69I",1.13327169300152,0.673390978076937,0.642008357257123,1.02587668080906,0.0719916223112889,0.154457234009334,2.13447772389746,0.913460131046073,1.69055489320746,2.83182009693605,4.37877684475034
"TCGA-5C-A9VH",1.13359871645314,1.12655642282439,0.291014101417303,0.895547601315724,0.365828848159444,0.191879472328562,2.02018085622811,0.841250052563439,1.95846877127827,3.30303819812575,5.26123809785443
"TCGA-UB-A7ME",1.14651287760849,2.42498577145985,1.71343188307309,1.55192662097361,1.98226821281576,0.256890742677402,2.9866307936299,1.93687136498275,2.01005921644939,2.48249862408135,5.0770169794449
"TCGA-DD-AACH",1.15124063816859,0.878781335499876,0.155101558125703,1.40599051541939,0.323677207052696,0.627239843955387,3.48347116947293,1.43182628984797,2.25512231056158,2.81765993166153,4.74189216577618
"TCGA-FV-A2QR",1.15359827100923,0.644783881098256,0.22404027421793,1.05553059260395,0.0640253049040906,0.126183553046181,2.72210969399936,0.665893601129381,2.05876352945297,3.09142668760578,4.54091525891623
"TCGA-5R-AAAM",1.15659124339257,1.08989669371424,0.443076151362673,1.49603124218361,0.611862479151181,0.274997916900302,3.496651418727,1.67355782041988,2.22886149516835,3.08679986660836,5.96337729126297
"TCGA-DD-AAVU",1.17319334651138,0.385284339280635,0.016496319896196,0.355170091557192,0.0828050930851466,0.0382152965684786,2.1983681787405,0.764282226531315,1.51484868367937,1.39299527148009,2.4096165126154
"TCGA-ZP-A9CV",1.17498507845597,1.54334775075617,0.548633902836769,1.14707096733331,0.495402993696247,0.318446761387122,3.06641284683568,1.41700709706338,2.53450143486789,2.55176374568721,4.93235608143047
"TCGA-DD-AA3A",1.17847123407112,1.06755095872875,0.299010149498923,0.799978864125356,0.380573841497336,0.257847555000747,2.59328822768136,2.6670572852349,1.17947284804392,2.38095028009155,4.50493360759205
"TCGA-EP-A2KC",1.18309618922905,0.826771863211206,0.388465097283154,0.780811032453833,0.410522232867992,0.124766934597771,2.41914458912161,0.925025059833609,1.61929030688229,2.39101918541584,3.815398346691
"TCGA-ZP-A9CY",1.18516919712067,0.745128574146843,0.437121184384194,0.83210174408509,0.350526881195446,0.251013882396919,3.03612030701539,1.1640583249887,2.39037091894444,2.50958010742142,4.76689343651216
"TCGA-MR-A8JO",1.19085178039414,1.68624521892461,0.636636220055135,1.73610947324999,0.460706568071681,0.597022956640662,2.96179521639439,0.901023134595731,1.64455858347853,3.57836889208708,5.81235122509037
"TCGA-DD-A4ND",1.19186211880408,2.13369093081846,1.4571214579501,1.79069434012072,0.664384543973716,0.352850781998937,3.51058166890941,1.8010348718976,2.74133186168659,3.27690832516382,6.49025790058077
"TCGA-G3-AAV3",1.19285953029133,2.23410560959718,2.69570435451306,2.11256312646083,1.31381917009188,0.477277690566333,2.9066669878272,1.7110797799345,1.67297645623101,2.33254202639522,4.52120098838036
"TCGA-CC-A3MA",1.19614645436339,0.989608031588425,0.485735942989206,0.975866928702559,0.202743482478052,0.193032996084421,2.98634235561508,1.31386817926449,1.97082122273851,3.46040991653712,6.3087752636178
"TCGA-CC-A3MB",1.19997747619475,0.831346488193203,0.410992287220895,0.969185551277601,0.223145839065438,0.190060010983981,2.7171409677116,1.32311067094434,2.2145521784296,2.22129512894042,4.47951042047394
"TCGA-DD-AAC8",1.20439122057332,0.722240515672162,0.157173094033464,1.2550592610029,0.141947444466938,0.224986710382243,2.71549494664473,0.828389193119135,1.76468977153782,2.59927047776232,3.25683018129172
"TCGA-2Y-A9GX",1.20822002100824,2.57485664883369,1.28409950612804,1.4528801215138,1.03853460493371,0.289160469477758,4.1413571606912,2.72800172059408,2.38337734289736,2.99609010953249,6.58318852830921
"TCGA-DD-A73G",1.21102202364127,0.662947020738699,0.390557635974131,0.564516627934255,0.195498190318318,0.053993797885923,2.15850804538349,0.760408399634231,1.59943856246004,1.75454359144985,3.87297470266404
"TCGA-BC-4072",1.21187706203192,2.58155990278044,1.58894844564947,2.34873617723547,1.30912077220783,0.285112585817536,4.09718750013239,2.32622517105255,2.73858312527832,2.62143197323074,5.45353894571579
"TCGA-DD-AAVS",1.21299997249825,1.65430436471073,0.790855428228827,1.57141036733588,0.513179933616498,0.191240466274755,2.98989862004051,1.2339968566658,2.33073157615962,2.61976631399739,4.51549763439529
"TCGA-CC-5260",1.21323666366615,1.82229169646789,1.04767797514448,1.76652124742638,0.581497294573842,0.381681310867867,3.55600469363862,1.95780031273019,1.78689040184126,3.33392384735065,6.98976395543859
"TCGA-DD-AACB",1.22125637717911,1.94339177378211,2.84721523501931,2.53699891507316,1.34163997574827,0.431367814433628,3.00950163080603,1.312706571598,1.45836619491219,1.93924305704634,3.08735280580031
"TCGA-DD-AAD8",1.23085450135005,0.717000193233411,0.292781749227846,0.855484987287111,0.17043962105176,0.205988496498384,2.04838343390912,0.981225738838483,2.09144060370763,1.99506448904248,3.98009461685034
"TCGA-DD-AADC",1.24853565059164,1.01621130130855,0.344033091528057,0.939409303170696,0.457187068591308,0.178145559036282,2.62991971357809,1.00113222678218,1.49462465541927,2.40700672369439,4.03743249788584
"TCGA-BC-A217",1.24867085292753,1.77720759284777,0.748117693285568,1.06588113765947,0.548643923341894,0.416844073626232,2.94467432172512,1.42598598708163,2.14270240917898,1.51891094877288,3.51148431350865
"TCGA-G3-A7M7",1.24966088199836,0.682531698110312,0.120617361217942,0.708716867816019,0.130925635446969,0.0587739359218754,2.11007813255688,0.761200336315021,2.12011462838194,1.98491484973205,3.54066852163513
"TCGA-DD-A4NN",1.2512352511139,0.420746408717227,0.061015774681628,0.750923279073919,0.375806354152559,0.0944190393572693,2.21694809763718,0.938400318430089,1.880192854443,2.80899562626729,4.8529224971143
"TCGA-CC-A7IL",1.25553920019377,0.21238893109238,0.120750053334926,0.318169212672568,0.0499523289195217,0.0276582165353861,1.35975738521147,0.176564705166884,1.57733629566327,1.61741970914096,1.8227983174594
"TCGA-DD-AACU",1.26158408863072,1.29482183692176,0.630591854150484,0.841234130175006,0.549817433172623,0.133689837481068,2.92356968854744,1.50987029610865,2.0067790598428,2.54335932558535,5.10181516783263
"TCGA-G3-A25Y",1.26448251121135,1.862616639124,0.683382058486701,1.21227839152595,0.724565935196783,0.281053894309977,3.38097885534541,1.50802657168709,2.24295287292879,3.38743648265332,5.76109855235085
"TCGA-DD-A39V",1.27181371825687,1.50842810220801,2.0034943003453,2.22629887695115,0.326572281466576,0.197425776456233,2.63055091134127,1.07582839761535,1.34822881390024,2.00077978147637,2.83744168817092
"TCGA-5R-AA1C",1.27197267503034,0.725836989043176,0.767485308688175,1.69221324420566,0.17137165095591,0.162752900963163,2.49513055402759,1.01601362246338,1.68441731376673,1.88487462066099,2.00752757584268
"TCGA-ED-A7XP",1.27466393029388,1.13416619978728,0.394953084696361,1.1835658769858,0.629480585829586,0.317993498259176,3.27935028851514,1.53058484672264,2.21200657252386,2.81674450166948,5.17161390378517
"TCGA-DD-AAE6",1.27908669515025,0.213041267478702,0,0.1943143563242,0.119207787262994,0.0348640370266089,1.04344794782917,0.221005699103809,1.70908270580352,1.32937444103954,1.53528971055901
"TCGA-WX-AA47",1.27963359889668,0.220742671236534,0.0469799081444094,0.142066422464876,0.223777189092202,0.0202168468465758,1.30610087328457,0.315379177824654,1.48381341947678,1.29033510769583,1.78019019505488
"TCGA-ZP-A9CZ",1.28695135395782,1.80643097990724,1.30363464507901,1.6472469662556,1.27032880649622,0.363109452406488,3.39457206966743,2.28956163261287,2.16466473055685,2.62897041479127,4.77287805507651
"TCGA-DD-AACF",1.29080261809597,0.647396439470701,0.225768496429597,1.19972646882856,0.201229400205601,0.244711882472692,2.9663933143763,1.01747129210472,1.77952358615264,2.36214182624895,2.68523321339508
"TCGA-DD-AAEK",1.29104739201268,2.40303869033588,1.67387296810997,1.75835388957056,1.87761757539927,0.288522399120166,3.41577578622123,2.18054954228686,1.75473703761377,2.69865293781443,4.64929842813975
"TCGA-WX-AA44",1.29211993163542,1.34034159386928,0.304744657718631,0.845948979508141,0.494645598393145,0.152828666730389,2.95779274824385,1.16846461426032,2.16233842280283,2.06411948739432,3.89009118691443
"TCGA-XR-A8TG",1.29534623732168,0.914945829716682,0.0659858294985853,0.813805694724236,0.329062078159239,0.2315398372262,2.51053666416532,0.745101826543665,2.58011665942059,2.4174538969809,4.79086487038315
"TCGA-CC-A7IE",1.29668939372667,2.10206869216774,1.42137143300089,1.74709908423557,1.49439599386933,0.17220602767774,2.99410633383615,1.55743301788978,1.79069879566484,2.22108324146957,4.15573659315322
"TCGA-DD-A4NO",1.29896638678103,0.834592785804499,0.187641078180683,0.852934919813511,0.107595895757892,0.187852751749972,2.79006939645427,1.12744722404257,2.32844055904887,2.40279560044908,4.74577008167718
"TCGA-ED-A627",1.30910232419735,2.66164168134877,2.35453679018808,2.29579570233538,1.35489460866811,0.507960390838393,3.69334062609438,2.19421601244994,2.49769433889561,3.25124100783631,7.31660156096014
"TCGA-UB-AA0U",1.30915221736754,1.49474234788398,0.664937877441752,0.944982605640875,0.349455827492722,0.177703424182565,3.41349490020786,2.43655905400159,2.36200519174447,2.90719162438441,5.80657790629795
"TCGA-WJ-A86L",1.32282156856912,0.955583377486122,0.0533894195446349,0.470332795817314,0.575719026149009,0.235407653810157,1.87137033882228,0.619386310549837,2.1826827426316,1.55098220502894,2.27521073527395
"TCGA-2Y-A9GS",1.32759777305088,1.34934712772055,0.281549893366642,0.883171893192492,0.312879749122712,0.10709746968693,3.54122171505405,1.72220445415762,2.13398045981637,2.75714959071325,4.95187804199768
"TCGA-ED-A7PX",1.32864042406461,1.17145917827744,0.678071905112638,0.965228483094637,0.540623342862146,0.222812350241467,2.98636896213657,0.692538985488189,1.5612420720282,3.16511529608085,6.5856690734948
"TCGA-DD-AAVR",1.33473035802267,1.87811474840286,0.774586781183158,1.22510830536821,1.39005486466381,0.264097744387172,3.08933737327051,2.40780449460846,2.11632483585136,2.83118779611436,5.12005531682259
"TCGA-DD-A4NA",1.33828058454177,1.40361841899196,0.248534836138679,1.4197121279388,1.13507310982691,0.726126061099227,3.84611884077441,1.05352491263409,2.19995495214415,2.4216847931036,6.16398649229204
"TCGA-DD-A4NJ",1.3405866852805,1.6535651548652,0.433066269617616,1.01787143030376,0.609841756887228,0.201195442990219,3.75649483488163,1.97539967703261,2.31570467452403,3.01678356633594,4.92679875302495
"TCGA-O8-A75V",1.34167407306272,1.26859775378446,1.20182202651229,1.01317242281891,0.718402603035878,0.0847240982930091,3.27258435933905,1.46643885695218,1.7980629254665,2.36997260908549,4.76450612049242
"TCGA-ED-A4XI",1.34966813537811,1.28104083544279,0.918233560226312,1.39626882124502,0.387318254902433,0.309704717025106,3.17677171021263,1.61996366014341,2.38443589449082,2.84265316221061,5.99847728179134
"TCGA-DD-A4NS",1.35186226555617,2.32600939977814,2.00252250976871,2.06768101585005,0.839986966433588,0.559539457513039,3.43310076753434,2.07965362719761,2.59563496364044,3.7897322523544,7.41026026232858
"TCGA-DD-AACJ",1.35352574124407,0.322979843022373,0.0546401305383454,0.324855047902895,0.0206325439345084,0.0416021875092255,2.06009724410554,0.533698643352597,1.41619702407006,1.61038283197411,2.18826264544237
"TCGA-DD-AACQ",1.36222350221182,0.486669690973052,0.332392869057616,0.479216468313629,0.0343968939106209,0.0955178681958161,1.48065473997124,0.315888699940676,2.13464248407991,1.78144673714342,2.41895344490237
"TCGA-BC-4073",1.36309857491026,2.71390453336237,1.93579916553204,2.45947940718296,1.46692902231606,0.686543828610645,4.42289333379635,2.29023099987851,3.39816774467606,2.57250765082441,4.97004421444069
"TCGA-UB-A7MC",1.36580505005894,0.441375952823585,0.0976107966264223,0.505275398205652,0.130113473165994,0.104900205947371,2.30576088889579,0.984020158112225,1.78195419741271,2.33981071210397,3.3069302450096
"TCGA-EP-A3JL",1.36687362814388,1.54527388615831,0.699640465689638,1.54662047217566,0.453617989981754,0.301323896422528,3.08803621032666,1.46420157633916,1.68323151855117,2.20019876571544,4.21458095204738
"TCGA-DD-AACT",1.36787054086565,1.13136166049692,0.725435791905312,1.77852700386743,0.845504966497044,0.296801027618534,2.31204201088386,1.10018244329972,2.29717021327648,2.14062492254768,4.70695427322045
"TCGA-DD-AAD0",1.36987303624871,0.713867191070899,0.0996318500144604,0.497233317841139,0.21106314688978,0.0655871421399641,1.76751260264877,0.377304357466238,1.47862513465046,1.71924793691567,1.85680661266349
"TCGA-DD-AADK",1.37094769585034,1.3985182605327,0.507515586479229,1.00148609492095,2.0822527807727,0.134214384473362,2.49783607981459,1.65011776152362,1.69468423543874,2.35918176168769,4.46227217784203
"TCGA-BC-A10S",1.37775666185095,1.23972138423682,0.447737871053567,1.66011148297949,0.465535398992907,0.504380715930707,3.03876929264123,1.13797944815951,2.03511754705592,2.90610962301275,4.87092794430422
"TCGA-CC-A5UC",1.38036085822083,1.13927875796644,0.418999465431266,0.877021364144804,0.84668583536076,0.123505748595171,3.09637376190018,1.10708289837634,1.94887105680979,2.7292905205605,4.81926294069004
"TCGA-DD-AADB",1.38262821839335,2.34195446513744,2.14411164845841,2.11309638671847,2.0590078963391,0.593524834388598,3.36796562749811,1.9427856311002,2.03162509965715,2.22602089005428,3.41180400928455
"TCGA-DD-AADN",1.38545845102496,1.80575101963239,3.10894256866079,2.43475000246568,1.1541733284655,0.428264916539456,2.59726313210522,0.783064095737013,1.41866841898742,0.901523080735059,0.899077942692426
"TCGA-DD-AAVV",1.38606571398717,2.00276792166935,0.633663696866632,1.44321710314245,1.20967611154698,0.362675441865751,3.59092686799776,2.13503342986206,1.94292980614395,2.97335503021542,5.23594086198523
"TCGA-FV-A3R2",1.38955137638714,0.898744879533594,0.309991039260069,0.883589312075735,0.0484372794148463,0.105583182895729,2.92648160534813,1.28988903303999,2.4166322709501,2.61183669162975,2.7973141606807
"TCGA-CC-A5UD",1.39322343888296,0.813596121858917,0.287590495523941,1.01491238752723,0.500840249831373,0.30960819863855,2.14617157902297,0.814490234276455,1.69495808996739,2.68864313749395,3.28588037811803
"TCGA-BC-A10Q",1.39904230570503,0.952519530537895,0.366587995394262,1.09878822575586,0.288418542110549,0.206890297624445,2.69626227835123,1.02310212233942,1.54182729488804,2.31311316162442,5.11871061390255
"TCGA-DD-AACY",1.39986865791982,0.84515985536728,0.222186307322112,0.865954631663913,0.19192062564724,0.060665260470735,2.26724641316116,0.979741195803969,2.13488228684308,2.27316570036066,3.4192755980081
"TCGA-DD-A1EG",1.40292174383943,1.6875701137443,0.736734744491197,1.31531197809639,0.804143387822318,0.202664138534888,3.56814785656824,2.05070992055126,1.71853756693129,2.56862380839239,4.88356357923988
"TCGA-DD-AADO",1.40354081412798,2.00597463903919,2.08939645352542,1.41610082653911,0.727390851135063,0.0879935963388099,2.54206143218361,1.31550982791002,1.67856504379043,1.19474892696092,2.19631524202508
"TCGA-HP-A5MZ",1.41478153805153,1.95657142275896,0.576860702224192,1.28868441429377,0.983178751551402,0.339163180565247,3.5507497412632,2.15823863571569,2.20140617903,2.93360723725604,5.45870079640241
"TCGA-G3-A3CI",1.41485704911866,0.819254668591665,0.391327806843611,1.32235976594194,0.729661115318975,0.403748677952858,2.28387096863674,1.25584918822347,2.69138744696254,2.13797209487378,3.3750744227765
"TCGA-CC-A1HT",1.41578539240771,2.84023139042862,2.25326319925981,2.98368100154188,1.43853044645961,1.0387643486531,5.14103620850618,2.4692348153929,2.32006690601613,2.81887456161656,5.27356651360981
"TCGA-DD-AACC",1.42015783451138,3.02263541991048,3.87158740942278,2.89931284060616,2.67826050212949,0.528121120777627,3.56482935622773,2.3261545732284,1.96174525206389,2.11251591943962,4.44249707234826
"TCGA-2Y-A9GV",1.42439967272226,1.43040744661578,0.317188277596502,1.0035498271846,0.420130664168761,0.35974910109221,3.32098780199897,1.30919400514105,2.56277635259375,2.95088184811764,3.86486639059615
"TCGA-UB-A7MD",1.42777578576982,1.55341364032496,0.285698125958125,1.13202408270506,0.33253292613121,0.218780299652915,3.41738563385509,1.55063199239419,2.27987568989424,3.06790560065809,4.71712256419016
"TCGA-4R-AA8I",1.43431487850454,0.980482845628413,0.0909888884147723,1.06681915741488,0.396700152405174,0.416461818718091,2.86844032041855,1.02350750571741,2.27726667348015,2.71067950413442,3.70082137871355
"TCGA-DD-AAW0",1.43472683134157,1.86599256205647,0.563548654879954,1.1678966689988,0.555644809772009,0.224688327038118,3.60084796656952,2.22925420259627,2.33404904869323,2.7892855075164,5.85458475539808
"TCGA-G3-A7M6",1.4350050213983,1.72442050077555,1.09416849472498,1.24641382316768,1.61590910786278,0.295747657181881,3.29997581744252,2.13092157336448,2.33733961970667,3.49305456844034,5.30761172822105
"TCGA-DD-A1EF",1.43626824927434,2.06097665270184,1.07135080412884,1.54333079866126,2.22516427277905,0.223540063607136,2.97531778860404,1.7583960502775,2.02605152091097,2.60435262621941,4.32689407066041
"TCGA-5C-AAPD",1.43962438117792,2.38157236729907,1.56739941848821,1.64288039182582,1.64093554589327,0.383119891144041,3.33157135276651,1.73033369395853,1.48169991547866,2.28529554270727,4.74636391986506
"TCGA-DD-AADA",1.44128253887803,1.40920248587528,0.742696124223605,1.46000854133637,1.25481011666715,0.232217553294054,1.8995962557171,1.56990908762506,2.03443522028571,2.54297534343054,4.35786485704273
"TCGA-2Y-A9GW",1.4460397409145,1.68798419983026,0.21685835977496,0.752947976010404,0.858461528879082,0.158669505583344,3.4912555530347,2.78401085673688,2.2320895715077,2.41661792547853,4.83106827571161
"TCGA-RC-A6M6",1.45520916966199,1.67409397696434,0.441802154628867,0.780457545305626,0.36991968548692,0.0724616326304282,2.7626571846725,1.09847898887977,2.25480251970263,1.99466662072083,4.06848263083593
"TCGA-UB-A7MA",1.4691134819183,1.25758258779437,0.405665674757457,1.03394113395886,0.797003686246684,0.15120887651738,2.90158213592111,1.56434200074097,2.26639931269253,2.54578381841959,5.29065962962573
"TCGA-CC-A5UE",1.47185337544866,1.02083996078112,0.322274300154205,0.987359572712823,0.244606839078954,0.148618500159641,2.94368280356218,1.85067244496504,2.20846749271428,1.86311401318353,2.03234024780248
"TCGA-DD-A119",1.47262957417475,0.738497532855765,0.245373962618162,0.48876100591638,0.243172021283773,0.0434364065890309,2.30266728473713,0.782536195184687,1.8053929860667,2.00989116046564,4.30471496226949
"TCGA-EP-A3RK",1.47590885173503,2.45906329687656,2.17181529601787,1.84019580903715,1.58804736081206,0.593901837596001,3.92573434102243,2.6058762092835,1.76761600493814,2.5799760985408,4.07296917617277
"TCGA-G3-A25X",1.47626887344226,1.75612061959421,2.04383441999994,2.21151978831754,0.304078360049484,0.475976613081513,3.70457103517173,1.20954042288869,1.85382648184851,2.81536268070049,5.14631802892415
"TCGA-EP-A2KA",1.47627269926353,2.15082883304349,1.94144440297803,1.79280639986214,0.693297920081089,0.585892463012456,2.85546021929811,2.35381405963721,2.15236884824749,1.72812513015536,3.42627084521879
"TCGA-CC-A123",1.47714966751542,0.6804124376262,0.21586493915324,0.316889137190682,0.198281084466689,0.0188663588741494,2.27127587946504,0.839266810609301,1.59309338083805,1.5412285660018,2.36055030392843
"TCGA-MI-A75I",1.4845351292348,0.862431224276789,0.54468320538365,0.792665212758326,0.28179217637366,0.0972975362047516,2.54790512905285,0.951847806425324,2.31969393803177,2.06345454389292,2.91809720100202
"TCGA-DD-A1EL",1.49166087085071,0.947309278403322,0.469990138221073,0.566822780607637,0.317453575558867,0.240439156470397,3.40091815446046,1.91558841619665,1.58862574838069,2.12893905105782,2.6125332167562
"TCGA-DD-AAD2",1.50013109598326,1.64720974631731,0.498557248099017,1.06023635297742,0.506022026497163,0.15151349372219,3.11144091529208,1.07894647650551,2.11267019330193,2.73513385100483,6.21003841660384
"TCGA-CC-5261",1.50077224481123,2.839208650128,1.19755090741987,1.67184248792817,3.76614707094657,0.316196354138813,3.57134226746565,3.48307750601301,2.6495279686687,3.82690830213787,6.99033228007678
"TCGA-CC-5259",1.51749986088549,0.671943461959007,0.474981088204978,0.854107167270597,0.103426062079287,0.0994439536200699,1.46770653866304,0.918338596545648,1.409372451709,1.25841486832079,1.51600093335044
"TCGA-ED-A8O6",1.52471378850334,1.41133286818236,0.331819848022602,0.97274358930268,0.34841679694739,0.0798769470543401,3.0925076778267,1.09306867655313,2.01535549744643,2.04497824886367,4.53572590569472
"TCGA-G3-A25V",1.52979115368351,1.68231464445848,0.6955484681331,1.00526574145448,0.506862167084869,0.164378274075803,3.29974677349951,1.88393103678225,2.1658894280161,2.52401483155699,5.04267284050201
"TCGA-2Y-A9GY",1.53921380601074,2.36428260040261,2.6810668948397,2.63936188664558,1.37294925086749,0.368469346935519,4.26424595541658,1.62551585704052,1.68996680199815,1.64664685955294,2.38197209853233
"TCGA-DD-A4NG",1.54423887804982,1.04355756688426,0.304744657718631,0.8410556592204,0.30134963507979,0.158450403980316,2.15208893949666,0.797037541581447,1.76642298215719,2.15241403597972,2.7362305765618
"TCGA-K7-A6G5",1.54509580189496,1.11129650195721,0.604735569761183,1.17971395633485,0.484756812129515,0.122286793648799,2.76029489601375,1.27006531116937,2.14513647413943,2.02198602918754,4.21750800485961
"TCGA-DD-A1EE",1.54590901820276,0.484633012456607,0.0522767654523578,0.203228969825147,0.115239888327931,0.0780551282662432,2.64112968701066,0.640191481923328,1.97656793679837,2.52862734942784,3.39436906585358
"TCGA-PD-A5DF",1.54711819881119,1.1980200748314,0.156267163051804,0.615821220218046,0.287211960000433,0.0946226112488877,3.50802366704589,0.94005276883882,1.80677706905492,2.78753884936769,5.66387732311264
"TCGA-CC-5264",1.55392000072333,1.98752794267109,0.448055167717188,0.709935835725813,0.61548024961413,0.0873422213410455,2.89348662266296,1.30717396924639,2.06937554961153,2.29437428398816,4.0768466685162
"TCGA-K7-AAU7",1.56241568098507,1.56700923373809,0.336626165763536,0.863661251805229,0.799858621914073,0.115889413756379,3.62365448385673,2.42217413434593,2.78340577991363,2.50019108860598,6.15051162882156
"TCGA-WQ-A9G7",1.56601350622091,0.801740681330224,0.0702519218204442,0.459022931826817,0.325731022391258,0.0576939340080248,1.84896031609211,0.708900054041677,1.47135684838023,1.6666064214441,4.16219683361155
"TCGA-G3-A25T",1.57269704013887,0.878671480898351,0.400319322864485,1.24746119959865,0.606333881612277,0.199773283080628,2.42633766055096,1.61996246366,1.45498837098259,2.29632634650671,5.66756747697695
"TCGA-ZS-A9CD",1.57611172440588,0.988663515209407,0.313129734837852,0.755400267546246,0.358006513417618,0.131637790835826,2.7343847795293,0.979212484537466,2.35156515468416,2.60458378156149,4.47962294653091
"TCGA-ES-A2HT",1.57689362556795,0.77528970659757,0.126972856257766,0.567704484329699,0.259351556240953,0.0817686564212535,1.90882051887676,0.731237621010739,1.74577984195921,1.86670959489801,4.12136048270559
"TCGA-BC-A110",1.58060626874592,1.25130715773491,0.653793792969268,1.24424501302229,0.557389963183747,0.196167617494552,3.08636135380433,1.72938734007681,2.54681077436036,2.71244912644225,5.85702955499713
"TCGA-DD-A3A9",1.58866154431127,1.46600832581122,0.905119803383616,1.1119780920276,0.339697581569002,0.0641791829823187,1.85393465743154,1.86918481731064,1.93975955993726,2.85646300529705,5.3791593455306
"TCGA-2Y-A9H2",1.5965427335821,1.3706405208665,0.736388400703461,1.51259665648774,0.501186234057701,0.369831645245243,3.48820265564529,3.09026996548515,2.2267723063997,2.30280772572599,4.76401289030825
"TCGA-KR-A7K7",1.60129521346281,1.89917339721831,2.08841300972673,1.64924057243996,0.726642551162952,0.535432495409657,3.02729933797679,1.26679223228325,1.57186330921958,1.55062743567821,2.26461919864386
"TCGA-CC-5263",1.61635918525399,1.27540818160248,0.465190887925982,0.683976484959858,0.381118067044817,0.122408347259909,3.80760501648948,3.64360225163967,2.59673006989737,2.50899405443772,4.44907455279677
"TCGA-G3-A5SJ",1.61746526424106,2.20267093085214,1.41186007373782,1.69979472558178,1.56948900926978,0.272159043505712,3.41059807986831,2.53892176628706,2.08867969958079,2.2071492143034,4.32995958412061
"TCGA-2Y-A9H1",1.61948172624157,1.23199927683887,0.959473426489547,1.56432260670939,0.199225816646816,0.149694456213224,1.90374869874086,0.925682289831349,1.54227667890977,1.63368568279395,2.01926272165756
"TCGA-FV-A496",1.61949349605605,0.378531102782178,0.0651586751285468,0.233908813701474,0.125812712124825,0.0724538068845333,1.40652847398444,0.637867454288163,2.03764466816414,1.90491473103221,2.6685965013119
"TCGA-G3-A25S",1.62929596913421,0.848435635875891,0.476951912523897,0.645901652037105,0.205302920033088,0.272794816739121,3.64046898991299,1.79359832058085,2.02564835497081,1.51422623059463,1.80486828912939
"TCGA-FV-A3I1",1.63896358973654,1.75586285410835,0.328951323912009,0.91375041703542,0.872945316841999,0.116725935494648,3.80191288158608,1.93192134695273,2.07196908573401,2.62371214514768,5.04210949259611
"TCGA-CC-A3M9",1.64185821933011,3.50070560994343,4.59047627063419,3.61891998463689,0.750038455477244,0.761085034745859,5.27358083633829,2.84761544486288,1.31389399266474,3.11892048230173,8.12344490010254
"TCGA-BW-A5NO",1.64435829780563,1.44532290822009,0.292546187950339,0.985338660768853,0.700095961734967,0.24498761081479,2.92684823698935,0.916459401084721,2.6980333815477,2.48773596451007,3.61726659051392
"TCGA-GJ-A3OU",1.64804720565685,3.08442641160503,0.725784774742255,1.38987844422044,1.1106389216958,0.327663575362638,5.2200975669574,3.64755760176996,2.21264268944694,3.53772977301681,6.20835926288612
"TCGA-DD-AACG",1.6504447410973,0.975879086224062,0.486868801344148,0.863514959980458,0.271636582129268,0.0746480651063548,2.98579449708611,1.44937525146242,1.38461236535679,1.52866074662115,1.35067173072446
"TCGA-CC-A8HT",1.66586507476053,1.25864911677838,0.551786689812224,1.15585423092939,0.34690917388274,0.420860430825712,3.40204584250351,2.52007458345738,2.15954895336318,1.89326414512629,3.04666921723563
"TCGA-DD-A39X",1.67103923243359,0.814772337040499,0.277508728144778,0.796386849385291,0.457311371584641,0.0697378826089307,2.53268284197399,1.56902636273123,1.7289030713378,2.15093113687433,4.28722509448831
"TCGA-DD-AACZ",1.67657014183549,2.25088599732433,1.3615999416077,2.12250994405783,1.43205150160511,0.722554580067866,4.60839887696036,2.71947311683688,2.05770337698593,2.38369482345603,2.9609573384068
"TCGA-DD-AAEG",1.68303552275476,0.597165176659154,0.0493519591352915,0.41840859687275,0.376886447613556,0.130189717820354,1.95572504223838,0.856725011474584,1.97660065058308,2.43744808014939,4.27775411767836
"TCGA-FV-A3I0",1.68622294976559,1.27859386975698,0.215243703712866,1.34523066070117,0.316956442049859,0.211146034543617,3.14351322301531,0.809885733396141,1.20920920899052,2.55044715116459,6.09843879276641
"TCGA-DD-AACP",1.69370490967797,1.32113736103349,2.84080561300515,1.01281651421591,0.696032614696264,0.186092743660403,2.56210036711186,0.788807023139676,1.62589036146543,1.70663075192247,2.44347730661397
"TCGA-G3-A5SM",1.69488851367924,1.10757291225059,0.275841423140611,0.826061330831001,1.0599127334161,0.189420534281006,3.0502968020894,1.41253243401328,2.06446410153731,2.56396547753362,4.97712907107847
"TCGA-CC-A8HV",1.70637864443859,1.0309629295893,0.0423641752480077,0.369391994097919,0.693737571220039,0.084688970696409,2.51735661618765,0.907954080580057,1.8849336121615,1.74294348614673,4.12276139708088
"TCGA-DD-A114",1.71701133473757,2.80339615418435,2.65809720535137,2.49236796619218,2.72162871074866,0.61863989361956,4.03456738485932,3.78566947425125,2.16974617535131,3.48700911157482,6.68391835880081
"TCGA-DD-A1EJ",1.71818274881812,0.840586301496314,0.358171174969554,0.490903097098712,0.281756267583986,0.0361292676767633,3.69275951397579,1.06381332266894,1.75347106975899,1.68970292384659,2.87728081037203
"TCGA-G3-A7M9",1.72281903941413,1.60483471679878,3.03806738335516,1.27179912275626,1.22665466593759,0.269116764619645,2.83400073034341,1.70986676555097,2.35794527409274,2.35321777322383,4.93333646240199
"TCGA-ED-A97K",1.73789270881795,1.59987901518092,0.881742918147581,1.31389387349288,1.13300013439007,0.342528167536177,3.5904240225633,1.42630776475182,2.82363988167649,2.90487342678893,6.74952181612545
"TCGA-DD-AADQ",1.74238593412258,0.762601567547201,0.440845918237266,1.42321130050087,0.167622853228802,0.187377979461859,2.04679853352391,0.613635795913779,2.15251056315571,1.84783930157205,2.3246480950231
"TCGA-DD-AACI",1.75078579414702,2.11890139333885,2.53714694361757,2.33284170827395,0.425903719424152,0.506620410751183,3.4442270732028,1.69901736806617,2.21015228893804,2.11430001289855,3.72828615100771
"TCGA-BC-A3KG",1.76157384477949,0.883544790521577,0.324580214560063,0.576180118118961,0.113583931847995,0.121017088117168,1.91802520093664,0.789603412855178,2.07947136858044,2.24854899140633,3.35851595427445
"TCGA-MI-A75C",1.78465923783314,1.26264536649307,0.232906301006831,0.858081291788503,0.184867272090266,0.221445678456956,1.90494170913085,0.659686977199918,1.60760351459903,1.41487216210478,1.97773543593487
"TCGA-DD-A39Y",1.79992420503785,0.711072289114344,0.192194165283345,0.572960781329771,0.081773265464396,0.0526292149706784,2.70882727304303,0.767275003108349,1.64471693943398,1.38858711600085,3.38521474767132
"TCGA-DD-AACX",1.80256069739514,0.674909342021956,0.296897857700078,0.459748374873028,0.449412657411838,0.107280298401746,2.06592001505114,0.472572787401533,1.36729315827875,1.825443632805,1.76515815899512
"TCGA-FV-A4ZP",1.82018887943549,1.32271044990184,1.32527127079596,1.13708490901679,0.163911573024648,0.00559297765304973,2.35652689508973,0.820564881248182,1.42086462854634,1.16834863133752,3.30540635149986
"TCGA-CC-A9FW",1.82085122414815,1.29726170956531,0.725173999367308,1.14613665917145,1.13379462704812,0.203292537157225,2.59362155610135,1.16446244954972,1.88252939326192,1.44736024553036,3.33050488772933
"TCGA-MI-A75E",1.82504443945304,1.37167623068331,0.722291141745755,1.23550977996713,0.59539406322397,0.177733726856053,2.68561244276881,1.53587016963986,2.12011313888864,2.6350450192688,4.98465443261662
"TCGA-CC-A8HU",1.84695265174319,0.822691757800456,0.0897693086335084,0.757110103857082,0.470485243386099,0.121209010545506,2.25035390113195,0.779494778097639,2.05786837346596,2.11455174150747,4.34579517006663
"TCGA-ED-A66X",1.87169658592624,1.32538491237189,0.534659280413878,0.953590481927242,0.826301506432104,0.128285051921909,4.12521675525086,1.61608691025966,2.2669354055622,3.05803071161205,6.70869503079838
"TCGA-DD-A4NQ",1.90626211321175,0.93030454915108,0.268793675122479,0.988887151049778,0.137899375744925,0.169760311604163,3.00425910692437,1.6244258218218,1.86500104334675,1.74192662147268,3.64213306953041
"TCGA-DD-A3A3",1.97105617991292,0.705527817978744,0.137896932389619,0.569677451015959,0.205847115694101,0.0641091701667103,1.96821948987905,0.640503053451882,1.61656954297595,1.43113513084847,2.49973518962536
"TCGA-2Y-A9H8",1.98954521032734,1.96375227736782,1.47544810575669,1.58160759788403,0.74128553149919,0.241326630326497,2.67472949668361,0.896412988092335,2.00738995848189,1.86847007922822,4.18083309352814
"TCGA-BC-A10U",2.02179005734656,0.960763422482964,0.180020521466313,0.579008336399431,0.149483652752682,0.153177212153694,2.48436935386452,0.930382742171839,1.95681977037256,1.3992924304013,3.01954407007268
"TCGA-DD-A1EK",2.03318074344346,0.860797894523821,0.321928094887362,0.735019178898537,0.128344897860037,0.20982945492369,3.00329451117403,0.554742925372777,2.34097969854493,2.34606874698221,3.3600062495493
"TCGA-ED-A459",2.03754930294068,0.617547737622074,0.182565182221083,0.29569499006204,0.233202873325755,0.127122581940863,2.95153930505131,1.24505869756631,2.08452222655926,2.23581814698115,3.82831599690923
"TCGA-DD-AACL",2.04257242521068,1.84280033121119,1.40031932286448,1.83935145737174,1.29429246066152,0.390003558797131,3.71310220113184,2.00900256967392,2.30195303221379,2.10630701937409,2.77063927935823
"TCGA-CC-5262",2.07234465124962,1.42282181760513,1.19635524288275,1.44965765695299,0.462852987832377,0.14534842644807,3.4111953859137,1.11861447706001,2.94127511862181,3.16474039212269,5.94038834854948
"TCGA-DD-A4NR",2.12441792036807,2.96519536419419,2.5478199565777,2.83998456263612,0.851086774642681,1.22875204841675,4.57074755920406,1.77278229073633,2.29585912079642,2.76519808921928,5.44067013777902
"TCGA-DD-A4NH",2.15229339172299,1.58696275521853,0.287235865252774,0.730986787920837,0.381704082645208,0.235267536701163,3.70670693963535,2.01327058201315,3.54303447498969,2.37806655174754,4.68428241089349
"TCGA-BC-A69H",2.18020501747734,1.41224073758308,0.4736310765512,0.794319743081179,0.321707209159575,0.0412201671142797,3.11070080798824,1.33359824942235,1.43924270564057,1.83909184092687,3.81809915028575
"TCGA-YA-A8S7",2.22911840808647,1.39817466792266,0.935836873684025,1.4854766455783,0.498311305669058,0.386450016496124,5.04584762101628,1.83308294402922,2.24134250417357,2.70923191156436,5.60431381240629
"TCGA-CC-A3MC",2.23997240281991,0.964350223199265,0.130667339815507,0.471522304366345,0.54208159971658,0.0420912023713692,2.58534509564236,1.16017337851698,1.9784322675929,2.37819613185089,4.8886178023053
"TCGA-GJ-A6C0",2.30844845101796,1.52609317661825,0.354903461135643,0.895893874892297,0.758040574927884,0.235043915403795,3.58620532569215,1.25662193949346,2.47827319467518,2.2704514235198,3.90970621907053
"TCGA-BC-A10W",2.32860194754263,1.10270428544473,1.36563655260175,0.869403916046835,0.368846973607508,0.191693903414011,3.80105024382717,1.83474787517874,2.18659209451166,3.17027287076506,4.38301118702633
"TCGA-DD-A3A1",2.35487472925112,1.08354056873011,0.670749711487494,0.803584745837043,0.0486939287480585,0.15280972323533,2.73274446862177,0.9487941994607,2.23132645949041,1.4366005682126,1.43430733101649
"TCGA-G3-AAV7",2.45135358432302,1.24078109491847,0.275841423140611,0.832287632034985,0.837132618890354,0.12596610400346,3.80303672267011,1.44731038187782,1.91204048677962,2.5470994711662,4.85820106750284
"TCGA-CC-A7IG",2.58944987566146,0.843356130626107,0.0716253939737696,0.409420779312146,0.245707523272776,0.0302493675080437,2.28446481630214,0.98216382560099,1.69194677950278,1.94439772419783,4.16264920739357
"TCGA-DD-A3A7",2.66538392006446,0.67128730527071,0.285934807943873,0.864119764595884,0.327236882411782,0.0485885547994533,1.92344289882348,0.688118915735739,1.72953261929741,1.25900179799049,2.95348774768198
"TCGA-DD-AAD5",2.83279014481022,0.781098617290369,0.260627908126699,1.03187395167574,0.531393901382687,0.215641900904401,3.53591085123938,1.29453807975744,1.78101981484547,1.55425749187271,3.42012674212113
